# Made in Blockbench 5.1.6
mtllib grimm.mtl

o cylinder
v 0 1.828125 0
v 0.008373125 0.953125 0.03125
v 0.01256 1.640625 0.046875
v 0.022876875 0.953125 0.022876875
v 0.034315 1.578125 0.034315
v 0.03125 0.953125 0.008373125
v 0.046875 1.640625 0.01256
v 0.03125 0.953125 -0.008373125
v 0.046875 1.640625 -0.01256
v 0.022876875 0.953125 -0.022876875
v 0.034315 1.578125 -0.034315
v 0.008373125 0.953125 -0.03125
v 0.01256 1.640625 -0.046875
v -0.008373125 0.953125 -0.03125
v -0.01256 1.640625 -0.046875
v -0.022876875 0.953125 -0.022876875
v -0.034315 1.578125 -0.034315
v -0.03125 0.953125 -0.008373125
v -0.046875 1.640625 -0.01256
v -0.03125 0.953125 0.008373125
v -0.046875 1.640625 0.01256
v -0.022876875 0.953125 0.022876875
v -0.034315 1.578125 0.034315
v -0.008373125 0.953125 0.03125
v -0.01256 1.640625 0.046875
v 0.008373125 0.265625 0.03125
v -0.008373125 0.265625 0.03125
v 0.022876875 0.265625 0.022876875
v 0.03125 0.265625 0.008373125
v 0.03125 0.265625 -0.008373125
v 0.022876875 0.265625 -0.022876875
v 0.008373125 0.265625 -0.03125
v -0.008373125 0.265625 -0.03125
v -0.022876875 0.265625 -0.022876875
v -0.03125 0.265625 -0.008373125
v -0.03125 0.265625 0.008373125
v -0.022876875 0.265625 0.022876875
v -0.00628 0.015625 -0.0234375
v 0.00628 0.015625 -0.0234375
v 0 0.015625 0
v -0.0171575 0.015625 -0.0171575
v -0.0234375 0.015625 -0.00628
v -0.0234375 0.015625 0.00628
v -0.0171575 0.015625 0.0171575
v -0.00628 0.015625 0.0234375
v 0.00628 0.015625 0.0234375
v 0.0171575 0.015625 0.0171575
v 0.0171575 0.015625 -0.0171575
v 0.0234375 0.015625 -0.00628
v 0.0234375 0.015625 0.00628
v 0.15564495307826698 1.6843723816795764 0.15799592435477797
v 0.04598213021958445 1.6981850184207898 0.08477433362553677
v 0.09194570468537451 1.697252595454545 0.042433686373282924
v 0.06109742926415549 1.7569158083891685 0.09988962536878108
v 0.10706100372994555 1.7559833854229236 0.05754897811652723
v 0.234375 1.75 0
v 0.109375 1.71875 0.046875
v 0.109375 1.71875 -0.046875
v 0.109375 1.78125 0.046875
v 0.109375 1.78125 -0.046875
v 0 1.75 0.234375
v -0.04687499999999999 1.71875 0.109375
v 0.04687500000000001 1.71875 0.109375
v -0.04687500000000001 1.78125 0.109375
v 0.04687499999999999 1.78125 0.109375
v 0 1.75 -0.234375
v 0.04687500000000001 1.71875 -0.109375
v -0.04687499999999999 1.71875 -0.109375
v 0.04687499999999999 1.78125 -0.109375
v -0.04687500000000001 1.78125 -0.109375
v 0 1.9526650429449552 -0.2182900429449553
v 0.031250000000000014 1.797985434560398 -0.10780460838455724
v -0.03124999999999999 1.797985434560398 -0.10780460838455724
v 0.03124999999999999 1.8421796083845572 -0.06361043456039803
v -0.031250000000000014 1.8421796083845572 -0.06361043456039805
v 0 1.9526650429449552 0.2182900429449553
v 0.031250000000000014 1.8421796083845572 0.06361043456039805
v -0.03124999999999999 1.8421796083845572 0.06361043456039803
v 0.03124999999999999 1.797985434560398 0.10780460838455724
v -0.031250000000000014 1.797985434560398 0.10780460838455724
v 0.21829004294495535 1.9526650429449552 3.247335210883099e-17
v 0.06361043456039807 1.8421796083845572 -0.031249999999999983
v 0.06361043456039807 1.8421796083845572 0.03125000000000002
v 0.1078046083845573 1.797985434560398 -0.031249999999999986
v 0.1078046083845573 1.797985434560398 0.031250000000000014
v -0.21829004294495535 1.9526650429449552 0
v -0.06361043456039807 1.8421796083845572 0.03125
v -0.06361043456039807 1.8421796083845572 -0.03125
v -0.1078046083845573 1.797985434560398 0.03125
v -0.1078046083845573 1.797985434560398 -0.03125
v -0.234375 1.75 7.703719777548943e-33
v -0.109375 1.71875 -0.04687499999999999
v -0.109375 1.71875 0.04687500000000001
v -0.109375 1.78125 -0.04687500000000001
v -0.109375 1.78125 0.04687499999999999
v -0.15577813488712688 1.6926793716347932 -0.1631585107769331
v -0.04611531202844435 1.7064920083760067 -0.08993692004769191
v -0.09207888649423442 1.705559585409762 -0.04759627279543807
v -0.061230611073015376 1.7652227983443853 -0.10505221179093621
v -0.10719418553880544 1.7642903753781405 -0.06271156453868237
v 0.15751012285839613 1.6912807321818994 -0.16123724783257065
v 0.09412490140117667 1.7050933704564155 -0.04561004634124069
v 0.047939386006764534 1.7041609517507117 -0.08770848767948708
v 0.10786529481938158 1.7638241598762225 -0.061985209327887036
v 0.06167977942496944 1.762891741170519 -0.10408365066613345
v -0.1468262912467029 1.6860041138532216 0.1664666141724431
v -0.08344106978948346 1.6998167521277376 0.05083941268111315
v -0.03725555439507134 1.6988843334220338 0.09293785401935954
v -0.09718146320768838 1.7585475415475447 0.0672145756677595
v -0.05099594781327625 1.7576151228418408 0.10931301700600589
v 0.0885732066458223 1.957785752118083 0.07916401378695276
v 0.022981787232895026 1.8276587885168776 0.056954676373873074
v 0.06894536169868508 1.826726365550633 0.014614029121619215
v -0.010203611946914333 1.8656869711510236 0.02009227538288017
v 0.03575996251887572 1.8647545481847787 -0.022248371869373687
v -0.09080523441703539 1.9643635982284897 -0.08664311548416584
v -0.02521381500410809 1.8342366346272843 -0.06443377807108613
v -0.07117738946989814 1.8333042116610394 -0.022093130818832296
v 0.00797158417570127 1.8722648172614302 -0.027571377080093232
v -0.03799199029008879 1.8713323942951854 0.014769270172160606
v 0.09067201295803723 1.962731829252436 -0.09311649638666164
v 0.06846265484704027 1.832604875219745 -0.02752506499908343
v 0.026122011378290996 1.831672452287045 -0.07348864295083601
v 0.031600255471673014 1.870633065677267 0.005660327010313743
v -0.010740387997076259 1.8697006427445668 -0.04030325094143883
v -0.09121863779444819 1.9623081095586612 0.10113634455205911
v -0.06900927968345122 1.8321811555259702 0.03554491316448086
v -0.02666863621470194 1.83124873259327 0.08150849111623343
v -0.032146880308083964 1.870209345983492 0.002359521155083699
v 0.010193763160665318 1.869276923050792 0.04832309910683628
v 0 1.546875 0
v 0 1.875 0
v 0.01256 1.920753125 0.046875
v 0.02900625 1.8125 0.108253125
v 0.03349375 1.75 0.125
v 0.02900625 1.6875 0.108253125
v 0.01256 1.688621875 0.046875
v 0.045753125 1.858253125 0.045753125
v 0.079246875 1.8125 0.079246875
v 0.09150625 1.75 0.09150625
v 0.079246875 1.6875 0.079246875
v 0.045753125 1.641746875 0.045753125
v 0.046875 1.920753125 0.01256
v 0.108253125 1.8125 0.02900625
v 0.125 1.75 0.03349375
v 0.108253125 1.6875 0.02900625
v 0.046875 1.688621875 0.01256
v 0.046875 1.920753125 -0.01256
v 0.108253125 1.8125 -0.02900625
v 0.125 1.75 -0.03349375
v 0.108253125 1.6875 -0.02900625
v 0.046875 1.688621875 -0.01256
v 0.045753125 1.858253125 -0.045753125
v 0.079246875 1.8125 -0.079246875
v 0.09150625 1.75 -0.09150625
v 0.079246875 1.6875 -0.079246875
v 0.045753125 1.641746875 -0.045753125
v 0.01256 1.920753125 -0.046875
v 0.02900625 1.8125 -0.108253125
v 0.03349375 1.75 -0.125
v 0.02900625 1.6875 -0.108253125
v 0.01256 1.688621875 -0.046875
v -0.01256 1.920753125 -0.046875
v -0.02900625 1.8125 -0.108253125
v -0.03349375 1.75 -0.125
v -0.02900625 1.6875 -0.108253125
v -0.01256 1.688621875 -0.046875
v -0.045753125 1.858253125 -0.045753125
v -0.079246875 1.8125 -0.079246875
v -0.09150625 1.75 -0.09150625
v -0.079246875 1.6875 -0.079246875
v -0.045753125 1.641746875 -0.045753125
v -0.046875 1.920753125 -0.01256
v -0.108253125 1.8125 -0.02900625
v -0.125 1.75 -0.03349375
v -0.108253125 1.6875 -0.02900625
v -0.046875 1.688621875 -0.01256
v -0.046875 1.920753125 0.01256
v -0.108253125 1.8125 0.02900625
v -0.125 1.75 0.03349375
v -0.108253125 1.6875 0.02900625
v -0.046875 1.688621875 0.01256
v -0.045753125 1.858253125 0.045753125
v -0.079246875 1.8125 0.079246875
v -0.09150625 1.75 0.09150625
v -0.079246875 1.6875 0.079246875
v -0.045753125 1.641746875 0.045753125
v -0.01256 1.920753125 0.046875
v -0.02900625 1.8125 0.108253125
v -0.03349375 1.75 0.125
v -0.02900625 1.6875 0.108253125
v -0.01256 1.688621875 0.046875
v -0.034315 1 0.034315
v 0.01256 0.875 0.046875
v 0.01256 1 0.046875
v 0.009863125 0.875 0.03681
v 0.009863125 1 0.03681
v 0.034315 0.875 0.034315
v 0.034315 1 0.034315
v 0.026946875 0.875 0.026946875
v 0.026946875 1 0.026946875
v 0.046875 0.875 0.01256
v 0.046875 1 0.01256
v 0.03681 0.875 0.009863125
v 0.03681 1 0.009863125
v 0.046875 0.875 -0.01256
v 0.046875 1 -0.01256
v 0.03681 0.875 -0.009863125
v 0.03681 1 -0.009863125
v 0.034315 0.875 -0.034315
v 0.034315 1 -0.034315
v 0.026946875 0.875 -0.026946875
v 0.026946875 1 -0.026946875
v 0.01256 0.875 -0.046875
v 0.01256 1 -0.046875
v 0.009863125 0.875 -0.03681
v 0.009863125 1 -0.03681
v -0.01256 0.875 -0.046875
v -0.01256 1 -0.046875
v -0.009863125 0.875 -0.03681
v -0.009863125 1 -0.03681
v -0.034315 0.875 -0.034315
v -0.034315 1 -0.034315
v -0.026946875 0.875 -0.026946875
v -0.026946875 1 -0.026946875
v -0.046875 0.875 -0.01256
v -0.046875 1 -0.01256
v -0.03681 0.875 -0.009863125
v -0.03681 1 -0.009863125
v -0.046875 0.875 0.01256
v -0.046875 1 0.01256
v -0.03681 0.875 0.009863125
v -0.03681 1 0.009863125
v -0.034315 0.875 0.034315
v -0.026946875 0.875 0.026946875
v -0.026946875 1 0.026946875
v -0.01256 0.875 0.046875
v -0.01256 1 0.046875
v -0.009863125 0.875 0.03681
v -0.009863125 1 0.03681
v 0.008373125 1.078125 0.03125
v 0.022876875 1.078125 0.022876875
v 0.017964375 1.078125 0.017964375
v 0.006575625 1.078125 0.02454
v 0.03125 1.078125 0.008373125
v 0.02454 1.078125 0.006575625
v 0.03125 1.078125 -0.008373125
v 0.02454 1.078125 -0.006575625
v 0.022876875 1.078125 -0.022876875
v 0.017964375 1.078125 -0.017964375
v 0.008373125 1.078125 -0.03125
v 0.006575625 1.078125 -0.02454
v -0.008373125 1.078125 -0.03125
v -0.006575625 1.078125 -0.02454
v -0.022876875 1.078125 -0.022876875
v -0.017964375 1.078125 -0.017964375
v -0.03125 1.078125 0.008373125
v -0.022876875 1.078125 0.022876875
v -0.017964375 1.078125 0.017964375
v -0.02454 1.078125 0.006575625
v -0.03125 1.078125 -0.008373125
v -0.02454 1.078125 -0.006575625
v -0.008373125 1.078125 0.03125
v -0.006575625 1.078125 0.02454
v 0.017964375 0.5625 0.017964375
v 0.02454 0.5625 0.006575625
v 0.03125 0.5625 0.008373125
v 0.022876875 0.5625 0.022876875
v 0.02454 0.5625 -0.006575625
v 0.03125 0.5625 -0.008373125
v 0.006575625 0.5625 0.02454
v 0.008373125 0.5625 0.03125
v -0.006575625 0.5625 0.02454
v -0.008373125 0.5625 0.03125
v -0.017964375 0.5625 0.017964375
v -0.022876875 0.5625 0.022876875
v -0.02454 0.5625 0.006575625
v -0.03125 0.5625 0.008373125
v -0.02454 0.5625 -0.006575625
v -0.03125 0.5625 -0.008373125
v 0.017964375 0.5625 -0.017964375
v 0.022876875 0.5625 -0.022876875
v 0.006575625 0.5625 -0.02454
v 0.008373125 0.5625 -0.03125
v -0.006575625 0.5625 -0.02454
v -0.008373125 0.5625 -0.03125
v -0.017964375 0.5625 -0.017964375
v -0.022876875 0.5625 -0.022876875
v 0.011933604016779783 1.373855145455298 -0.011502097357058677
v 0.08937210867617237 1.7366488827481334 -0.06635628750889949
v 0.006646142278267719 1.37585819240869 -0.005718769614149466
v 0.0840846469376603 1.7386519297015255 -0.06057295976599028
v 0.010298702407884674 1.37537945260861 -0.0037286756386103667
v 0.08773720706727725 1.7381731899014454 -0.058582865790451175
v 0.014389511214872381 1.3744921098747442 -0.0038223105971061933
v 0.09182801587426496 1.7372858471675798 -0.05867650074894701
v 0.017821685628256572 1.373434311266655 -0.005973108115082969
v 0.09526019028764916 1.7362280485594903 -0.060827298266923784
v 0.019676972953384445 1.3724890629213524 -0.009605638340015404
v 0.09711547761277703 1.7352828002141878 -0.06445982849185622
v 0.01945658723715168 1.371910004113343 -0.013746529833531279
v 0.09689509189654427 1.7347037414061783 -0.0686007199853721
v 0.017221065755291847 1.371852098501906 -0.017285425099967874
v 0.09465957041468442 1.7346458357947416 -0.07213961525180869
v 0.013568505625674892 1.3723308383019859 -0.01927551907550698
v 0.09100701028506748 1.7351245755948215 -0.0741297092273478
v 0.009477696818687185 1.3732181810358517 -0.019181884117011147
v 0.08691620147807977 1.736011918328687 -0.07403607426885196
v 0.006045522405302994 1.374275979643941 -0.01703108659903437
v 0.08348402706469558 1.7370697169367766 -0.0718852767508752
v 0.0041902350801751205 1.3752212279892435 -0.013398556374101943
v 0.0816287397395677 1.738014965282079 -0.06825274652594276
v 0.004410620796407885 1.3758002867972532 -0.009257664880586061
v 0.08184912545580048 1.7385940240900886 -0.06411185503242688
v -0.004767462185329932 1.356549480658287 0.011074570248083171
v -0.08220596684472255 1.7193432179511223 0.06592876039992399
v 0.0005199995531821322 1.3585525276116788 0.00529124250517396
v -0.07691850510621048 1.7213462649045144 0.0601454326570148
v -0.003132560576434823 1.358073787811599 0.0033011485296348675
v -0.08057106523582744 1.7208675251044345 0.05815533868147568
v -0.007223369383422523 1.3571864450777333 0.003394783488130687
v -0.08466187404281514 1.7199801823705687 0.05824897363997153
v -0.010655543796806721 1.3561286464696438 0.0055455810061074695
v -0.08809404845619934 1.7189223837624794 0.06039977115794831
v -0.012510831121934601 1.3551833981243413 0.009178111231039898
v -0.08994933578132722 1.717977135417177 0.06403230138288071
v -0.012290445405701816 1.3546043393163318 0.013319002724555773
v -0.08972895006509443 1.7173980766091672 0.06817319287639662
v -0.010054923923841996 1.3545464337048951 0.016857897990992382
v -0.08749342858323461 1.7173401709977305 0.0717120881428332
v -0.006402363794225041 1.3550251735049748 0.018847991966531474
v -0.08384086845361766 1.7178189107978104 0.07370218211837229
v -0.002311554987237341 1.3559125162388406 0.018754357008035655
v -0.07975005964662996 1.7187062535316762 0.0736085471598765
v 0.0011206194261468572 1.3569703148469299 0.016603559490058872
v -0.07631788523324576 1.7197640521397655 0.07145774964189971
v 0.0029759067512747372 1.3579155631922326 0.012971029265126444
v -0.07446259790811788 1.720709300485068 0.06782521941696726
v 0.0027555210350419523 1.358494622000242 0.008830137771610569
v -0.07468298362435066 1.7212883592930774 0.06368432792345138
v 0.007222183072437431 1.3566459925341001 0.012783934586985068
v 0.05362013962553922 1.723227653677732 0.07673794416317975
v 0.00139282736081036 1.3583174760379573 0.007432198102508336
v 0.04779078391391215 1.7248991371815892 0.07138620767870305
v -0.0005849347837092317 1.3579275681930305 0.011101978763568998
v 0.04581302176939256 1.7245092293366622 0.07505598833976371
v -0.00046993547034140937 1.3571941235661829 0.015222621367022793
v 0.04592802108276038 1.7237757847098147 0.07917663094321747
v 0.0017055256791185316 1.3563139897764627 0.018689236771402565
v 0.04810348223222032 1.7228956509200946 0.08264324634759726
v 0.005359420241285662 1.3555226400623257 0.020574357851499525
v 0.05175737679438745 1.7221043012059576 0.0845283674276942
v 0.009512643535265194 1.3550324141175323 0.02037119259481862
v 0.055910600088366985 1.7216140752611642 0.08432520217101333
v 0.01305153878406451 1.354974509030243 0.018135671071461787
v 0.0594494953371663 1.7215561701738746 0.08208968064765648
v 0.015029300928584094 1.3553644168751697 0.014465890410401139
v 0.061427257481685885 1.7219460780188016 0.07841989998659582
v 0.014914301615216279 1.3560978615020174 0.010345247806947344
v 0.06131225816831807 1.722679522645649 0.07429925738314203
v 0.012738840465756338 1.3569779952917376 0.006878632402567572
v 0.05913679701885813 1.7235596564353695 0.07083264197876227
v 0.0090849459035892 1.3577693450058745 0.004993511322470626
v 0.05548290245669099 1.7243510061495062 0.06894752089866532
v 0.004931722609609675 1.358259570950668 0.005196676579151502
v 0.051329679162711465 1.7248412320942996 0.0691506861553462
v 0 0.015625 0
v 0 0.109375 0
v 0.01256 0 0.046875
v 0.00628 0.109375 0.0234375
v 0.034315 0 0.034315
v 0.0171575 0.109375 0.0171575
v 0.046875 0 0.01256
v 0.0234375 0.109375 0.00628
v 0.046875 0 -0.01256
v 0.0234375 0.109375 -0.00628
v 0.034315 0 -0.034315
v 0.0171575 0.109375 -0.0171575
v 0.01256 0 -0.046875
v 0.00628 0.109375 -0.0234375
v -0.01256 0 -0.046875
v -0.00628 0.109375 -0.0234375
v -0.034315 0 -0.034315
v -0.0171575 0.109375 -0.0171575
v -0.046875 0 -0.01256
v -0.0234375 0.109375 -0.00628
v -0.046875 0 0.01256
v -0.0234375 0.109375 0.00628
v -0.034315 0 0.034315
v -0.0171575 0.109375 0.0171575
v -0.01256 0 0.046875
v -0.00628 0.109375 0.0234375
v -0.003218573595644602 1.3787769128792933 -0.013835017282992232
v -0.049616530148746354 1.7453585740229252 -0.07778902685918687
v 0.0026107821159824683 1.3804483963831506 -0.00848328079851552
v -0.04378717443711929 1.7470300575267823 -0.07243729037471015
v 0.004588544260502061 1.3800584885382237 -0.012153061459576175
v -0.04180941229259969 1.7466401496818555 -0.07610707103577082
v 0.004473544947134238 1.3793250439113762 -0.016273704063029963
v -0.04192441160596752 1.745906705055008 -0.0802277136392246
v 0.0022980837976742984 1.3784449101216558 -0.019740319467409735
v -0.044099872755427455 1.7450265712652877 -0.08369432904360437
v -0.0013558107644928326 1.377653560407519 -0.021625440547506675
v -0.047753767317594585 1.7442352215511507 -0.08557945012370131
v -0.005509034058472364 1.3771633344627257 -0.02142227529082579
v -0.05190699061157412 1.7437449956063573 -0.08537628486702042
v -0.009047929307271673 1.3771054293754361 -0.01918675376746895
v -0.055445885860373426 1.743687090519068 -0.08314076334366359
v -0.011025691451791265 1.377495337220363 -0.015516973106408302
v -0.05742364800489302 1.7440769983639948 -0.07947098268260294
v -0.010910692138423437 1.3782287818472105 -0.011396330502954514
v -0.05730864869152519 1.7448104429908424 -0.07535034007914915
v -0.0087352309889635 1.3791089156369307 -0.007929715098574742
v -0.055133187542065254 1.7456905767805626 -0.07188372467476938
v -0.005081336426796371 1.3799002653510677 -0.006044594018477789
v -0.051479292979898124 1.7464819264946996 -0.06999860359467243
v -0.0009281131328168395 1.380390491295861 -0.006247759275158679
v -0.0473260696859186 1.746972152439493 -0.07020176885135332
vt 0.6820234375 0.9671796875
vt 0.6793046875 0.96875
vt 0.677734375 0.962890625
vt 0.011859375 0.7797609375
vt 0.0160465625 0.77971
vt 0.01899671875 0.9359840625
vt 0.01290625 0.9516796875
vt 0.44069265625 0.8272953125
vt 0.44623484375 0.81139375
vt 0.44897703125 0.875
vt 0.68359375 0.9644609375
vt 0.6820234375 0.9671796875
vt 0.677734375 0.962890625
vt 0.0503596875 0.77971
vt 0.054546875 0.7797609375
vt 0.0535 0.95168125
vt 0.04740953125 0.9359840625
vt 0.44623484375 0.81139375
vt 0.453125 0.826759375
vt 0.44897703125 0.875
vt 0.68359375 0.9613203125
vt 0.68359375 0.9644609375
vt 0.677734375 0.962890625
vt 0.054546875 0.7797609375
vt 0.058734375 0.7797609375
vt 0.05978125 0.95168125
vt 0.0535 0.95168125
vt 0.0535 0.95168125
vt 0.05978125 0.95168125
vt 0.056640625 1
vt 0.6820234375 0.9586015625
vt 0.68359375 0.9613203125
vt 0.677734375 0.962890625
vt 0.058734375 0.7797609375
vt 0.0629215625 0.77971
vt 0.06587171875 0.9359840625
vt 0.05978125 0.9516796875
vt 0.203125 0.514259375
vt 0.21001515625 0.49889375
vt 0.20727296875 0.5625
vt 0.6793046875 0.95703125
vt 0.6820234375 0.9586015625
vt 0.677734375 0.962890625
vt 0.1441096875 0.77971
vt 0.148296875 0.7797609375
vt 0.14725 0.95168125
vt 0.14115953125 0.9359840625
vt 0.21001515625 0.49889375
vt 0.21555734375 0.5147953125
vt 0.20727296875 0.5625
vt 0.6761640625 0.95703125
vt 0.6793046875 0.95703125
vt 0.677734375 0.962890625
vt 0.148296875 0.7797609375
vt 0.152484375 0.7797609375
vt 0.15353125 0.95168125
vt 0.14725 0.95168125
vt 0.14725 0.95168125
vt 0.15353125 0.95168125
vt 0.150390625 1
vt 0.6734453125 0.9586015625
vt 0.6761640625 0.95703125
vt 0.677734375 0.962890625
vt 0.152484375 0.7797609375
vt 0.1566715625 0.77971
vt 0.15962171875 0.9359840625
vt 0.15353125 0.9516796875
vt 0.44069265625 0.7335453125
vt 0.44623484375 0.71764375
vt 0.44897703125 0.78125
vt 0.671875 0.9613203125
vt 0.6734453125 0.9586015625
vt 0.677734375 0.962890625
vt 0.0972346875 0.77971
vt 0.101421875 0.7797609375
vt 0.100375 0.95168125
vt 0.09428453125 0.9359840625
vt 0.44623484375 0.71764375
vt 0.453125 0.733009375
vt 0.44897703125 0.78125
vt 0.671875 0.9644609375
vt 0.671875 0.9613203125
vt 0.677734375 0.962890625
vt 0.101421875 0.7797609375
vt 0.105609375 0.7797609375
vt 0.10665625 0.95168125
vt 0.100375 0.95168125
vt 0.100375 0.95168125
vt 0.10665625 0.95168125
vt 0.103515625 1
vt 0.6734453125 0.9671796875
vt 0.671875 0.9644609375
vt 0.677734375 0.962890625
vt 0.105609375 0.7797609375
vt 0.1097965625 0.77971
vt 0.11274671875 0.9359840625
vt 0.10665625 0.9516796875
vt 0.171875 0.514259375
vt 0.17876515625 0.49889375
vt 0.17602296875 0.5625
vt 0.6761640625 0.96875
vt 0.6734453125 0.9671796875
vt 0.677734375 0.962890625
vt 0.0034846875 0.77971
vt 0.007671875 0.7797609375
vt 0.006625 0.95168125
vt 0.00053453125 0.9359840625
vt 0.17876515625 0.49889375
vt 0.18430734375 0.5147953125
vt 0.17602296875 0.5625
vt 0.6793046875 0.96875
vt 0.6761640625 0.96875
vt 0.677734375 0.962890625
vt 0.007671875 0.7797609375
vt 0.011859375 0.7797609375
vt 0.01290625 0.95168125
vt 0.006625 0.95168125
vt 0.006625 0.95168125
vt 0.01290625 0.95168125
vt 0.009765625 1
vt 0.007671875 0.6078859375
vt 0.011859375 0.6078859375
vt 0.011859375 0.7797609375
vt 0.007671875 0.7797609375
vt 0.011859375 0.6078859375
vt 0.016046875 0.6078859375
vt 0.016046875 0.7797609375
vt 0.011859375 0.7797609375
vt 0.050359375 0.6078859375
vt 0.054546875 0.6078859375
vt 0.054546875 0.7797609375
vt 0.050359375 0.7797609375
vt 0.054546875 0.6078859375
vt 0.058734375 0.6078859375
vt 0.058734375 0.7797609375
vt 0.054546875 0.7797609375
vt 0.058734375 0.6078859375
vt 0.062921875 0.6078859375
vt 0.062921875 0.7797609375
vt 0.058734375 0.7797609375
vt 0.144109375 0.6078859375
vt 0.148296875 0.6078859375
vt 0.148296875 0.7797609375
vt 0.144109375 0.7797609375
vt 0.148296875 0.6078859375
vt 0.152484375 0.6078859375
vt 0.152484375 0.7797609375
vt 0.148296875 0.7797609375
vt 0.152484375 0.6078859375
vt 0.156671875 0.6078859375
vt 0.156671875 0.7797609375
vt 0.152484375 0.7797609375
vt 0.097234375 0.6078859375
vt 0.101421875 0.6078859375
vt 0.101421875 0.7797609375
vt 0.097234375 0.7797609375
vt 0.101421875 0.6078859375
vt 0.105609375 0.6078859375
vt 0.105609375 0.7797609375
vt 0.101421875 0.7797609375
vt 0.105609375 0.6078859375
vt 0.109796875 0.6078859375
vt 0.109796875 0.7797609375
vt 0.105609375 0.7797609375
vt 0.003484375 0.6078859375
vt 0.007671875 0.6078859375
vt 0.007671875 0.7797609375
vt 0.003484375 0.7797609375
vt 0.1488203125 0.5453546874999999
vt 0.1519609375 0.5453546874999999
vt 0.152484375 0.6078859375
vt 0.148296875 0.6078859375
vt 0.1519609375 0.5453546874999999
vt 0.15510109375 0.5453021874999999
vt 0.15667125 0.60781578125
vt 0.152484375 0.6078859375
vt 0.09880515625 0.5453021874999999
vt 0.1019453125 0.5453546874999999
vt 0.101421875 0.6078859375
vt 0.097235 0.60781578125
vt 0.1019453125 0.5453546874999999
vt 0.1050859375 0.5453546874999999
vt 0.105609375 0.6078859375
vt 0.101421875 0.6078859375
vt 0.1050859375 0.5453546874999999
vt 0.10822609375 0.5453021874999999
vt 0.10979625 0.60781578125
vt 0.105609375 0.6078859375
vt 0.00505515625 0.5453021874999999
vt 0.0081953125 0.5453546874999999
vt 0.007671875 0.6078859375
vt 0.003485 0.60781578125
vt 0.0081953125 0.5453546874999999
vt 0.0113359375 0.5453546874999999
vt 0.011859375 0.6078859375
vt 0.007671875 0.6078859375
vt 0.0113359375 0.5453546874999999
vt 0.01447609375 0.5453021874999999
vt 0.01604625 0.60781578125
vt 0.011859375 0.6078859375
vt 0.0582109375 0.5453546874999999
vt 0.06135109375 0.5453021874999999
vt 0.06292125 0.60781578125
vt 0.058734375 0.6078859375
vt 0.14568015625 0.5453021874999999
vt 0.1488203125 0.5453546874999999
vt 0.148296875 0.6078859375
vt 0.14411 0.60781578125
vt 0.05193015625 0.5453021874999999
vt 0.0550703125 0.5453546874999999
vt 0.054546875 0.6078859375
vt 0.05036 0.60781578125
vt 0.0550703125 0.5453546874999999
vt 0.0582109375 0.5453546874999999
vt 0.058734375 0.6078859375
vt 0.054546875 0.6078859375
vt 0.1875 0.984375
vt 0.1875 1
vt 0.171875 1
vt 0.171875 0.984375
vt 0.25022015625 0.39241140625000004
vt 0.26540484375 0.38872859375
vt 0.26540484375 0.421875
vt 0.21897015625 0.39241140625000004
vt 0.23415484375 0.38872859375
vt 0.23415484375 0.421875
vt 0.53147015625 0.39241312500000003
vt 0.54665484375 0.38873015624999996
vt 0.54665484375 0.421875
vt 0.56272015625 0.39241312500000003
vt 0.57790484375 0.38873015624999996
vt 0.57790484375 0.421875
vt 0.609375 0.5390625
vt 0.609375 0.5625
vt 0.59375 0.5625
vt 0.59375 0.5390625
vt 0.36008109375 0.5362365625000001
vt 0.38210640625 0.5282235937499999
vt 0.38210640625 0.5625
vt 0.500205625 0.4224090625
vt 0.515419375 0.4188478125
vt 0.515419375 0.453125
vt 0.562705625 0.8442840625
vt 0.577919375 0.8407228125
vt 0.577919375 0.875
vt 0.45383109375 0.9737365625
vt 0.47585640625 0.9657235937499999
vt 0.47585640625 1
vt 0.609375 0.4921875
vt 0.609375 0.515625
vt 0.59375 0.515625
vt 0.59375 0.4921875
vt 0.45383109375 0.9112365625
vt 0.47585640625 0.9032235937499999
vt 0.47585640625 0.9375
vt 0.562705625 0.7036590625
vt 0.577919375 0.7000978125
vt 0.577919375 0.734375
vt 0.562705625 0.6411590625
vt 0.577919375 0.6375978125
vt 0.577919375 0.671875
vt 0.40695609375 0.5206115625000001
vt 0.42898140625 0.5125985937499999
vt 0.42898140625 0.546875
vt 0.609375 0.4453125
vt 0.609375 0.46875
vt 0.59375 0.46875
vt 0.59375 0.4453125
vt 0.45383109375 0.5206115625000001
vt 0.47585640625 0.5125985937499999
vt 0.47585640625 0.546875
vt 0.562705625 0.5786590625
vt 0.577919375 0.5750978125
vt 0.577919375 0.609375
vt 0.562705625 0.5161590625
vt 0.577919375 0.5125978125
vt 0.577919375 0.546875
vt 0.46945609375 0.8487365625000001
vt 0.49148140625 0.8407235937499999
vt 0.49148140625 0.875
vt 0.671875 0.875
vt 0.671875 0.890625
vt 0.65625 0.890625
vt 0.65625 0.875
vt 0.0001034375 0.46999984375000003
vt 0.0155215625 0.46746515624999996
vt 0.0155215625 0.515625
vt 0.3126034375 0.48562484375000003
vt 0.3280215625 0.48309015624999996
vt 0.3280215625 0.53125
vt 0.4688534375 0.6418748437499999
vt 0.4842715625 0.6393401562500001
vt 0.4842715625 0.6875
vt 0.0313534375 0.46999984375000003
vt 0.0467715625 0.46746515624999996
vt 0.0467715625 0.515625
vt 0.140625 0.328125
vt 0.140625 0.34375
vt 0.125 0.34375
vt 0.125 0.328125
vt 0.1251034375 0.46999984375000003
vt 0.1405215625 0.46746515624999996
vt 0.1405215625 0.515625
vt 0.0626034375 0.46999984375000003
vt 0.0780215625 0.46746515624999996
vt 0.0780215625 0.515625
vt 0.0938534375 0.46999984375000003
vt 0.1092715625 0.46746515624999996
vt 0.1092715625 0.515625
vt 0.5001034375 0.95437484375
vt 0.5155215625 0.95184015625
vt 0.5155215625 1
vt 0.671875 0.84375
vt 0.671875 0.859375
vt 0.65625 0.859375
vt 0.65625 0.84375
vt 0.5001034375 0.6418748437499999
vt 0.5155215625 0.6393401562500001
vt 0.5155215625 0.6875
vt 0.2344784375 0.45437484375000003
vt 0.2498965625 0.45184015624999996
vt 0.2498965625 0.5
vt 0.2657284375 0.45437484375000003
vt 0.2811465625 0.45184015624999996
vt 0.2811465625 0.5
vt 0.3438534375 0.45437484375000003
vt 0.3592715625 0.45184015624999996
vt 0.3592715625 0.5
vt 0.171875 0.328125
vt 0.171875 0.34375
vt 0.15625 0.34375
vt 0.15625 0.328125
vt 0.5001034375 0.48562484375000003
vt 0.5155215625 0.48309015624999996
vt 0.5155215625 0.53125
vt 0.3751034375 0.45437484375000003
vt 0.3905215625 0.45184015624999996
vt 0.3905215625 0.5
vt 0.5001034375 0.5637498437499999
vt 0.5155215625 0.5612151562500001
vt 0.5155215625 0.609375
vt 0.5157284375 0.87624984375
vt 0.5311465625 0.8737151562500001
vt 0.5311465625 0.921875
vt 0.609375 0.3984375
vt 0.609375 0.421875
vt 0.59375 0.421875
vt 0.59375 0.3984375
vt 0.46945609375 0.7862365625000001
vt 0.49148140625 0.7782235937499999
vt 0.49148140625 0.8125
vt 0.562705625 0.4536590625
vt 0.577919375 0.4500978125
vt 0.577919375 0.484375
vt 0.578330625 0.9224090625
vt 0.593544375 0.9188478125
vt 0.593544375 0.953125
vt 0.46945609375 0.7237365625000001
vt 0.49148140625 0.7157235937499999
vt 0.49148140625 0.75
vt 0.671875 0.8125
vt 0.671875 0.828125
vt 0.65625 0.828125
vt 0.65625 0.8125
vt 0.59397015625 0.658038125
vt 0.60915484375 0.6543551562500001
vt 0.60915484375 0.6875
vt 0.59397015625 0.861163125
vt 0.60915484375 0.85748015625
vt 0.60915484375 0.890625
vt 0.14084515625 0.37678812500000003
vt 0.15602984375 0.37310515624999996
vt 0.15602984375 0.40625
vt 0.39084515625 0.39241140625000004
vt 0.40602984375 0.38872859375
vt 0.40602984375 0.421875
vt 0.671875 0.78125
vt 0.671875 0.796875
vt 0.65625 0.796875
vt 0.65625 0.78125
vt 0.5939701562499999 0.861163125
vt 0.6091548437500001 0.85748015625
vt 0.6091548437500001 0.890625
vt 0.59397015625 0.861163125
vt 0.60915484375 0.8574801562500001
vt 0.60915484375 0.890625
vt 0.47287640625 0.845538125
vt 0.48806109375 0.84185515625
vt 0.48806109375 0.875
vt 0.59397015625 0.86116140625
vt 0.60915484375 0.85747859375
vt 0.60915484375 0.890625
vt 0.671875 0.75
vt 0.671875 0.765625
vt 0.65625 0.765625
vt 0.65625 0.75
vt 0.35959515625 0.39241140625000004
vt 0.37477984375 0.38872859375
vt 0.37477984375 0.421875
vt 0.32834515625 0.39241140625000004
vt 0.34352984375 0.38872859375
vt 0.34352984375 0.421875
vt 0.42209515625 0.39241140625000004
vt 0.43727984375 0.38872859375
vt 0.43727984375 0.421875
vt 0.59397015625 0.720538125
vt 0.60915484375 0.7168551562500001
vt 0.60915484375 0.75
vt 0.671875 0.71875
vt 0.671875 0.734375
vt 0.65625 0.734375
vt 0.65625 0.71875
vt 0.4689275 0.45083578125
vt 0.4841975 0.44752328124999996
vt 0.4841975 0.484375
vt 0.4064275 0.45083578125
vt 0.4216975 0.44752328124999996
vt 0.4216975 0.484375
vt 0.4376775 0.45083578125
vt 0.4529475 0.44752328124999996
vt 0.4529475 0.484375
vt 0.5314275 0.96646078125
vt 0.5466975 0.96314828125
vt 0.5466975 1
vt 0.671875 0.6875
vt 0.671875 0.703125
vt 0.65625 0.703125
vt 0.65625 0.6875
vt 0.5470525 0.76333578125
vt 0.5623225 0.76002328125
vt 0.5623225 0.796875
vt 0.4689275 0.57583578125
vt 0.4841975 0.5725232812500001
vt 0.4841975 0.609375
vt 0.1564275 0.43521078125
vt 0.1716975 0.43189828124999996
vt 0.1716975 0.46875
vt 0.1876775 0.43521078125
vt 0.2029475 0.43189828124999996
vt 0.2029475 0.46875
vt 0.671875 0.65625
vt 0.671875 0.671875
vt 0.65625 0.671875
vt 0.65625 0.65625
vt 0.5314275 0.70083578125
vt 0.5466975 0.6975232812500001
vt 0.5466975 0.734375
vt 0.5158025 0.76333578125
vt 0.5310725 0.76002328125
vt 0.5310725 0.796875
vt 0.2970525 0.41958578125
vt 0.3123225 0.41627328124999996
vt 0.3123225 0.453125
vt 0.5314275 0.51333578125
vt 0.5466975 0.5100232812500001
vt 0.5466975 0.546875
vt 0.671875 0.625
vt 0.671875 0.640625
vt 0.65625 0.640625
vt 0.65625 0.625
vt 0.5470525 0.90396078125
vt 0.5623225 0.90064828125
vt 0.5623225 0.9375
vt 0.5314275 0.45083578125
vt 0.5466975 0.44752328124999996
vt 0.5466975 0.484375
vt 0.5314275 0.63833578125
vt 0.5466975 0.6350232812500001
vt 0.5466975 0.671875
vt 0.5314275 0.57583578125
vt 0.5466975 0.5725232812500001
vt 0.5466975 0.609375
vt 0.283319375 0.78125
vt 0.265625 0.78125
vt 0.27450546875 0.7670956250000001
vt 0.44055796875 0.671875
vt 0.42516109375 0.64453046875
vt 0.438621875 0.63913140625
vt 0.4415809375 0.65474421875
vt 0.22656140625 0.96373
vt 0.2232171875 0.9478646875
vt 0.23980375 0.9455528125
vt 0.240925625 0.9617278125
vt 0.2232171875 0.9478646875
vt 0.2220953125 0.9316896875
vt 0.23645953125 0.9296875
vt 0.23980375 0.9455528125
vt 0.69107796875 0.99167734375
vt 0.67754421875 1
vt 0.671875 0.98828125
vt 0.68367453125 0.98828125
vt 0.30000015625 0.82684046875
vt 0.29109171875 0.83810625
vt 0.28795125 0.8007825
vt 0.529779375 0.34168062499999996
vt 0.529779375 0.359375
vt 0.515625 0.35056125000000005
vt 0.4416875 0.65530640625
vt 0.438621875 0.63913140625
vt 0.453125 0.63913140625
vt 0.4490140625 0.66911734375
vt 0.188761875 0.7742278125
vt 0.18988375 0.7580528125
vt 0.2064703125 0.7603646875
vt 0.20312609375 0.77623
vt 0.18988375 0.7580528125
vt 0.19322796875 0.7421875
vt 0.2075921875 0.7441896875
vt 0.2064703125 0.7603646875
vt 0.37578109375 0.7777909375000001
vt 0.38527765625 0.76434125
vt 0.39418546875 0.77560625
vt 0.384290625 0.7804932812500001
vt 0.39418546875 0.77560625
vt 0.38527703125 0.76434046875
vt 0.3973259375 0.7382825
vt 0.381990625 0.32694187500000005
vt 0.375821875 0.328125
vt 0.375821875 0.31145156249999995
vt 0.22507296875 0.8089968750000001
vt 0.21261109375 0.7801959375
vt 0.22656140625 0.77623
vt 0.2311146875 0.80727921875
vt 0.21261109375 0.7801959375
vt 0.20710859375 0.764944375
vt 0.2232171875 0.7603646875
vt 0.22656140625 0.77623
vt 0.2064703125 0.7603646875
vt 0.2075921875 0.7441896875
vt 0.2220953125 0.7441896875
vt 0.2232171875 0.7603646875
vt 0.6713140625 0.46875
vt 0.667203125 0.484375
vt 0.660921875 0.484375
vt 0.6568109375 0.46875
vt 0.40046671875 0.77560625
vt 0.39418546875 0.77560625
vt 0.39732609375 0.73828125
vt 0.33203125 0.359375
vt 0.314336875 0.359375
vt 0.3232175 0.34522062499999995
vt 0.421646875 0.9375
vt 0.40625 0.91015546875
vt 0.41971078125 0.90475640625
vt 0.42266984375 0.92036921875
vt 0.22656140625 0.77623
vt 0.2232171875 0.7603646875
vt 0.23980375 0.7580528125
vt 0.240925625 0.7742278125
vt 0.2232171875 0.7603646875
vt 0.2220953125 0.7441896875
vt 0.23645953125 0.7421875
vt 0.23980375 0.7580528125
vt 0.67578125 0.38230234375000005
vt 0.6622475 0.390625
vt 0.65657828125 0.37890625
vt 0.6683778125 0.37890625
vt 0.40937515625 0.76434046875
vt 0.40046671875 0.77560625
vt 0.39732625 0.7382825
vt 0.421875 0.34168062499999996
vt 0.421875 0.359375
vt 0.407720625 0.35056125000000005
vt 0.42277640625 0.92093140625
vt 0.41971078125 0.90475640625
vt 0.43421390625 0.90475640625
vt 0.43010296875 0.93474234375
vt 0.188761875 0.8679778125
vt 0.18988375 0.8518028125
vt 0.2064703125 0.8541146875
vt 0.20312609375 0.86998
vt 0.18988375 0.8518028125
vt 0.19322796875 0.8359375
vt 0.2075921875 0.8379396875
vt 0.2064703125 0.8541146875
vt 0.37578109375 0.8402909375000001
vt 0.38527765625 0.82684125
vt 0.39418546875 0.83810625
vt 0.384290625 0.8429932812500001
vt 0.39418546875 0.83810625
vt 0.38527703125 0.82684046875
vt 0.3973259375 0.8007825
vt 0.350740625 0.32694187500000005
vt 0.344571875 0.328125
vt 0.344571875 0.31145156249999995
vt 0.22507296875 0.9027468750000001
vt 0.21261109375 0.8739459375
vt 0.22656140625 0.86998
vt 0.2311146875 0.90102921875
vt 0.21261109375 0.8739459375
vt 0.20710859375 0.858694375
vt 0.2232171875 0.8541146875
vt 0.22656140625 0.86998
vt 0.2064703125 0.8541146875
vt 0.2075921875 0.8379396875
vt 0.2220953125 0.8379396875
vt 0.2232171875 0.8541146875
vt 0.6713140625 0.5
vt 0.667203125 0.515625
vt 0.660921875 0.515625
vt 0.6568109375 0.5
vt 0.40046671875 0.83810625
vt 0.39418546875 0.83810625
vt 0.39732609375 0.80078125
vt 0.408319375 0.875
vt 0.390625 0.875
vt 0.39950546875 0.8608456250000001
vt 0.44055796875 0.609375
vt 0.42516109375 0.58203046875
vt 0.438621875 0.57663140625
vt 0.4415809375 0.59224421875
vt 0.22656140625 0.86998
vt 0.2232171875 0.8541146875
vt 0.23980375 0.8518028125
vt 0.240925625 0.8679778125
vt 0.2232171875 0.8541146875
vt 0.2220953125 0.8379396875
vt 0.23645953125 0.8359375
vt 0.23980375 0.8518028125
vt 0.64420296875 0.33542734375000005
vt 0.63066921875 0.34375
vt 0.625 0.33203125
vt 0.63679953125 0.33203125
vt 0.40937515625 0.82684046875
vt 0.40046671875 0.83810625
vt 0.39732625 0.8007825
vt 0.561029375 0.34168062499999996
vt 0.561029375 0.359375
vt 0.546875 0.35056125000000005
vt 0.4416875 0.59280640625
vt 0.438621875 0.57663140625
vt 0.453125 0.57663140625
vt 0.4490140625 0.60661734375
vt 0.251261875 0.7117278125
vt 0.25238375 0.6955528125
vt 0.2689703125 0.6978646875000001
vt 0.26562609375 0.71373
vt 0.25238375 0.6955528125
vt 0.25572796875 0.6796875
vt 0.2700921875 0.6816896875
vt 0.2689703125 0.6978646875000001
vt 0.37578109375 0.7152909375000001
vt 0.38527765625 0.70184125
vt 0.39418546875 0.71310625
vt 0.384290625 0.7179932812500001
vt 0.39418546875 0.71310625
vt 0.38527703125 0.70184046875
vt 0.3973259375 0.6757825
vt 0.678865625 0.35819187500000005
vt 0.672696875 0.359375
vt 0.672696875 0.34270156249999995
vt 0.28757296875 0.7464968750000001
vt 0.27511109375 0.7176959375
vt 0.28906140625 0.71373
vt 0.2936146875 0.74477921875
vt 0.27511109375 0.7176959375
vt 0.26960859375 0.702444375
vt 0.2857171875 0.6978646875000001
vt 0.28906140625 0.71373
vt 0.2689703125 0.6978646875000001
vt 0.2700921875 0.6816896875
vt 0.2845953125 0.6816896875
vt 0.2857171875 0.6978646875000001
vt 0.6713140625 0.4375
vt 0.667203125 0.453125
vt 0.660921875 0.453125
vt 0.6568109375 0.4375
vt 0.40046671875 0.71310625
vt 0.39418546875 0.71310625
vt 0.39732609375 0.67578125
vt 0.37890625 0.359375
vt 0.361211875 0.359375
vt 0.3700925 0.34522062499999995
vt 0.421646875 1
vt 0.40625 0.97265546875
vt 0.41971078125 0.96725640625
vt 0.42266984375 0.98286921875
vt 0.28906140625 0.71373
vt 0.2857171875 0.6978646875000001
vt 0.30230375 0.6955528125
vt 0.303425625 0.7117278125
vt 0.2857171875 0.6978646875000001
vt 0.2845953125 0.6816896875
vt 0.29895953125 0.6796875
vt 0.30230375 0.6955528125
vt 0.67578125 0.41355234375000005
vt 0.6622475 0.421875
vt 0.65657828125 0.41015625
vt 0.6683778125 0.41015625
vt 0.40937515625 0.70184046875
vt 0.40046671875 0.71310625
vt 0.39732625 0.6757825
vt 0.453125 0.34168062499999996
vt 0.453125 0.359375
vt 0.438970625 0.35056125000000005
vt 0.42277640625 0.98343140625
vt 0.41971078125 0.96725640625
vt 0.43421390625 0.96725640625
vt 0.43010296875 0.99724234375
vt 0.188761875 0.9617278125
vt 0.18988375 0.9455528125
vt 0.2064703125 0.9478646875
vt 0.20312609375 0.96373
vt 0.18988375 0.9455528125
vt 0.19322796875 0.9296875
vt 0.2075921875 0.9316896875
vt 0.2064703125 0.9478646875
vt 0.26640609375 0.8402909375000001
vt 0.27590265625 0.82684125
vt 0.28481046875 0.83810625
vt 0.274915625 0.8429932812500001
vt 0.28481046875 0.83810625
vt 0.27590203125 0.82684046875
vt 0.2879509375 0.8007825
vt 0.319490625 0.32694187500000005
vt 0.313321875 0.328125
vt 0.313321875 0.31145156249999995
vt 0.22507296875 0.996496875
vt 0.21261109375 0.9676959375
vt 0.22656140625 0.96373
vt 0.2311146875 0.99477921875
vt 0.21261109375 0.9676959375
vt 0.20710859375 0.952444375
vt 0.2232171875 0.9478646875
vt 0.22656140625 0.96373
vt 0.2064703125 0.9478646875
vt 0.2075921875 0.9316896875
vt 0.2220953125 0.9316896875
vt 0.2232171875 0.9478646875
vt 0.6713140625 0.53125
vt 0.667203125 0.546875
vt 0.660921875 0.546875
vt 0.6568109375 0.53125
vt 0.29109171875 0.83810625
vt 0.28481046875 0.83810625
vt 0.28795109375 0.80078125
vt 0.20758828125 0.66731453125
vt 0.213835 0.66797296875
vt 0.21055921875 0.69905078125
vt 0.2043125 0.6983923437499999
vt 0.287893125 0.6362
vt 0.28296296875 0.63609625
vt 0.28361984375 0.604853125
vt 0.28855 0.6049568750000001
vt 0.66570625 0.607696875
vt 0.668553125 0.6060531250000001
vt 0.66978125 0.60728125
vt 0.66615625 0.609375
vt 0.66615625 0.5625
vt 0.66978125 0.56459375
vt 0.668553125 0.5658218749999999
vt 0.66570625 0.564178125
vt 0.26663375 0.94922296875
vt 0.27288046875 0.94856453125
vt 0.27615625 0.97964234375
vt 0.26990953125 0.98030078125
vt 0.34594328125 0.66734625
vt 0.341013125 0.66745
vt 0.34035625 0.6362068750000001
vt 0.34528640625 0.636103125
vt 0.668553125 0.6060531250000001
vt 0.670196875 0.6032062499999999
vt 0.671875 0.60365625
vt 0.66978125 0.60728125
vt 0.66978125 0.56459375
vt 0.671875 0.56821875
vt 0.670196875 0.5686687500000001
vt 0.668553125 0.5658218749999999
vt 0.27615625 0.94839234375
vt 0.2824375 0.94839234375
vt 0.2824375 0.97964234375
vt 0.27615625 0.97964234375
vt 0.34035625 0.6674568750000001
vt 0.335425 0.6674568750000001
vt 0.335425 0.6362068750000001
vt 0.34035625 0.6362068750000001
vt 0.670196875 0.6032062499999999
vt 0.670196875 0.5999187500000001
vt 0.671875 0.59946875
vt 0.671875 0.60365625
vt 0.671875 0.56821875
vt 0.671875 0.57240625
vt 0.670196875 0.5719562499999999
vt 0.670196875 0.5686687500000001
vt 0.28571328125 0.94856453125
vt 0.29196 0.94922296875
vt 0.28868421875 0.98030078125
vt 0.2824375 0.97964234375
vt 0.334768125 0.66745
vt 0.32983796875 0.66734625
vt 0.33049484375 0.636103125
vt 0.335425 0.6362068750000001
vt 0.670196875 0.5999187500000001
vt 0.668553125 0.5970718749999999
vt 0.66978125 0.59584375
vt 0.671875 0.59946875
vt 0.671875 0.57240625
vt 0.66978125 0.57603125
vt 0.668553125 0.5748031250000001
vt 0.670196875 0.5719562499999999
vt 0.32913375 0.79297296875
vt 0.33538046875 0.79231453125
vt 0.33865625 0.82339234375
vt 0.33240953125 0.82405078125
vt 0.37719328125 0.97984625
vt 0.372263125 0.97995
vt 0.37160625 0.948706875
vt 0.37653640625 0.948603125
vt 0.668553125 0.5970718749999999
vt 0.66570625 0.595428125
vt 0.66615625 0.59375
vt 0.66978125 0.59584375
vt 0.66978125 0.57603125
vt 0.66615625 0.578125
vt 0.66570625 0.576446875
vt 0.668553125 0.5748031250000001
vt 0.33865625 0.79214234375
vt 0.3449375 0.79214234375
vt 0.3449375 0.82339234375
vt 0.33865625 0.82339234375
vt 0.37160625 0.979956875
vt 0.366675 0.979956875
vt 0.366675 0.948706875
vt 0.37160625 0.948706875
vt 0.66570625 0.595428125
vt 0.66241875 0.595428125
vt 0.66196875 0.59375
vt 0.66615625 0.59375
vt 0.66615625 0.578125
vt 0.66196875 0.578125
vt 0.66241875 0.576446875
vt 0.66570625 0.576446875
vt 0.34821328125 0.79231453125
vt 0.35446 0.79297296875
vt 0.35118421875 0.82405078125
vt 0.3449375 0.82339234375
vt 0.366018125 0.97995
vt 0.36108796875 0.97984625
vt 0.36174484375 0.948603125
vt 0.366675 0.948706875
vt 0.66241875 0.595428125
vt 0.659571875 0.5970718749999999
vt 0.65834375 0.59584375
vt 0.66196875 0.59375
vt 0.66196875 0.578125
vt 0.65834375 0.57603125
vt 0.659571875 0.5748031250000001
vt 0.66241875 0.576446875
vt 0.31350875 0.94922296875
vt 0.31975546875 0.94856453125
vt 0.32303125 0.97964234375
vt 0.31678453125 0.98030078125
vt 0.25219328125 0.63609625
vt 0.247263125 0.6362
vt 0.24660625 0.6049568750000001
vt 0.25153640625 0.604853125
vt 0.659571875 0.5970718749999999
vt 0.657928125 0.5999187500000001
vt 0.65625 0.59946875
vt 0.65834375 0.59584375
vt 0.65834375 0.57603125
vt 0.65625 0.57240625
vt 0.657928125 0.5719562499999999
vt 0.659571875 0.5748031250000001
vt 0.32303125 0.94839234375
vt 0.3293125 0.94839234375
vt 0.3293125 0.97964234375
vt 0.32303125 0.97964234375
vt 0.24660625 0.6362068750000001
vt 0.241675 0.6362068750000001
vt 0.241675 0.6049568750000001
vt 0.24660625 0.6049568750000001
vt 0.657928125 0.5999187500000001
vt 0.657928125 0.6032062499999999
vt 0.65625 0.60365625
vt 0.65625 0.59946875
vt 0.65625 0.57240625
vt 0.65625 0.56821875
vt 0.657928125 0.5686687500000001
vt 0.657928125 0.5719562499999999
vt 0.33258828125 0.94856453125
vt 0.338835 0.94922296875
vt 0.33555921875 0.98030078125
vt 0.3293125 0.97964234375
vt 0.241018125 0.6362
vt 0.23608796875 0.63609625
vt 0.23674484375 0.604853125
vt 0.241675 0.6049568750000001
vt 0.657928125 0.6032062499999999
vt 0.659571875 0.6060531250000001
vt 0.65834375 0.60728125
vt 0.65625 0.60365625
vt 0.65625 0.56821875
vt 0.65834375 0.56459375
vt 0.659571875 0.5658218749999999
vt 0.657928125 0.5686687500000001
vt 0.18850875 0.66797296875
vt 0.19475546875 0.66731453125
vt 0.19803125 0.6983923437499999
vt 0.19178453125 0.69905078125
vt 0.29906828125 0.63609625
vt 0.294138125 0.6362
vt 0.29348125 0.6049568750000001
vt 0.29841140625 0.604853125
vt 0.659571875 0.6060531250000001
vt 0.66241875 0.607696875
vt 0.66196875 0.609375
vt 0.65834375 0.60728125
vt 0.65834375 0.56459375
vt 0.66196875 0.5625
vt 0.66241875 0.564178125
vt 0.659571875 0.5658218749999999
vt 0.19803125 0.6671423437499999
vt 0.2043125 0.6671423437499999
vt 0.2043125 0.6983923437499999
vt 0.19803125 0.6983923437499999
vt 0.29348125 0.6362068750000001
vt 0.28855 0.6362068750000001
vt 0.28855 0.6049568750000001
vt 0.29348125 0.6049568750000001
vt 0.66241875 0.607696875
vt 0.66570625 0.607696875
vt 0.66615625 0.609375
vt 0.66196875 0.609375
vt 0.66196875 0.5625
vt 0.66615625 0.5625
vt 0.66570625 0.564178125
vt 0.66241875 0.564178125
vt 0.20743 0.71875
vt 0.203265625 0.71831109375
vt 0.2043125 0.6983923437499999
vt 0.21055921875 0.69905078125
vt 0.289371875 0.6559771875
vt 0.28609578125 0.65625
vt 0.28363578125 0.6366160937500001
vt 0.28855 0.6362068750000001
vt 0.277203125 0.99956109375
vt 0.27303875 1
vt 0.26990953125 0.98030078125
vt 0.27615625 0.97964234375
vt 0.34281046875 0.6875
vt 0.339534375 0.6872271875
vt 0.34035625 0.6674568750000001
vt 0.34527046875 0.6678660937500001
vt 0.281390625 0.99956109375
vt 0.277203125 0.99956109375
vt 0.27615625 0.97964234375
vt 0.2824375 0.97964234375
vt 0.339534375 0.6872271875
vt 0.336246875 0.6872271875
vt 0.335425 0.6674568750000001
vt 0.34035625 0.6674568750000001
vt 0.285555 1
vt 0.281390625 0.99956109375
vt 0.2824375 0.97964234375
vt 0.28868421875 0.98030078125
vt 0.336246875 0.6872271875
vt 0.33297078125 0.6875
vt 0.33051078125 0.6678660937500001
vt 0.335425 0.6674568750000001
vt 0.339703125 0.84331109375
vt 0.33553875 0.84375
vt 0.33240953125 0.82405078125
vt 0.33865625 0.82339234375
vt 0.37406046875 1
vt 0.370784375 0.9997271875
vt 0.37160625 0.979956875
vt 0.37652046875 0.9803660937500001
vt 0.343890625 0.84331109375
vt 0.339703125 0.84331109375
vt 0.33865625 0.82339234375
vt 0.3449375 0.82339234375
vt 0.370784375 0.9997271875
vt 0.367496875 0.9997271875
vt 0.366675 0.979956875
vt 0.37160625 0.979956875
vt 0.348055 0.84375
vt 0.343890625 0.84331109375
vt 0.3449375 0.82339234375
vt 0.35118421875 0.82405078125
vt 0.367496875 0.9997271875
vt 0.36422078125 1
vt 0.36176078125 0.9803660937500001
vt 0.366675 0.979956875
vt 0.33243 1
vt 0.328265625 0.99956109375
vt 0.3293125 0.97964234375
vt 0.33555921875 0.98030078125
vt 0.242496875 0.6559771875
vt 0.23922078125 0.65625
vt 0.23676078125 0.6366160937500001
vt 0.241675 0.6362068750000001
vt 0.328265625 0.99956109375
vt 0.324078125 0.99956109375
vt 0.32303125 0.97964234375
vt 0.3293125 0.97964234375
vt 0.245784375 0.6559771875
vt 0.242496875 0.6559771875
vt 0.241675 0.6362068750000001
vt 0.24660625 0.6362068750000001
vt 0.324078125 0.99956109375
vt 0.31991375 1
vt 0.31678453125 0.98030078125
vt 0.32303125 0.97964234375
vt 0.24906046875 0.65625
vt 0.245784375 0.6559771875
vt 0.24660625 0.6362068750000001
vt 0.25152046875 0.6366160937500001
vt 0.203265625 0.71831109375
vt 0.199078125 0.71831109375
vt 0.19803125 0.6983923437499999
vt 0.2043125 0.6983923437499999
vt 0.292659375 0.6559771875
vt 0.289371875 0.6559771875
vt 0.28855 0.6362068750000001
vt 0.29348125 0.6362068750000001
vt 0.199078125 0.71831109375
vt 0.19491375 0.71875
vt 0.19178453125 0.69905078125
vt 0.19803125 0.6983923437499999
vt 0.29593546875 0.65625
vt 0.292659375 0.6559771875
vt 0.29348125 0.6362068750000001
vt 0.29839546875 0.6366160937500001
vt 0.339534375 0.5580209375
vt 0.34282109375 0.55795171875
vt 0.34528640625 0.636103125
vt 0.34035625 0.6362068750000001
vt 0.2730171875 0.87005828125
vt 0.277203125 0.87017046875
vt 0.27615625 0.94839234375
vt 0.2698771875 0.94822421875
vt 0.336246875 0.5580209375
vt 0.339534375 0.5580209375
vt 0.34035625 0.6362068750000001
vt 0.335425 0.6362068750000001
vt 0.277203125 0.87017046875
vt 0.281390625 0.87017046875
vt 0.2824375 0.94839234375
vt 0.27615625 0.94839234375
vt 0.28608515625 0.52670171875
vt 0.289371875 0.5267709375
vt 0.28855 0.6049568750000001
vt 0.28361984375 0.604853125
vt 0.203265625 0.58892046875
vt 0.2074515625 0.58880828125
vt 0.2105915625 0.6669742187500001
vt 0.2043125 0.6671423437499999
vt 0.289371875 0.5267709375
vt 0.292659375 0.5267709375
vt 0.29348125 0.6049568750000001
vt 0.28855 0.6049568750000001
vt 0.199078125 0.58892046875
vt 0.203265625 0.58892046875
vt 0.2043125 0.6671423437499999
vt 0.19803125 0.6671423437499999
vt 0.292659375 0.5267709375
vt 0.29594609375 0.52670171875
vt 0.29841140625 0.604853125
vt 0.29348125 0.6049568750000001
vt 0.1948921875 0.58880828125
vt 0.199078125 0.58892046875
vt 0.19803125 0.6671423437499999
vt 0.1917521875 0.6669742187500001
vt 0.23921015625 0.52670171875
vt 0.242496875 0.5267709375
vt 0.241675 0.6049568750000001
vt 0.23674484375 0.604853125
vt 0.328265625 0.87017046875
vt 0.3324515625 0.87005828125
vt 0.3355915625 0.94822421875
vt 0.3293125 0.94839234375
vt 0.242496875 0.5267709375
vt 0.245784375 0.5267709375
vt 0.24660625 0.6049568750000001
vt 0.241675 0.6049568750000001
vt 0.324078125 0.87017046875
vt 0.328265625 0.87017046875
vt 0.3293125 0.94839234375
vt 0.32303125 0.94839234375
vt 0.33296015625 0.55795171875
vt 0.336246875 0.5580209375
vt 0.335425 0.6362068750000001
vt 0.33049484375 0.636103125
vt 0.281390625 0.87017046875
vt 0.2855765625 0.87005828125
vt 0.2887165625 0.94822421875
vt 0.2824375 0.94839234375
vt 0.370784375 0.8705209375
vt 0.37407109375 0.87045171875
vt 0.37653640625 0.948603125
vt 0.37160625 0.948706875
vt 0.3355171875 0.71380828125
vt 0.339703125 0.71392046875
vt 0.33865625 0.79214234375
vt 0.3323771875 0.79197421875
vt 0.367496875 0.8705209375
vt 0.370784375 0.8705209375
vt 0.37160625 0.948706875
vt 0.366675 0.948706875
vt 0.339703125 0.71392046875
vt 0.343890625 0.71392046875
vt 0.3449375 0.79214234375
vt 0.33865625 0.79214234375
vt 0.36421015625 0.87045171875
vt 0.367496875 0.8705209375
vt 0.366675 0.948706875
vt 0.36174484375 0.948603125
vt 0.343890625 0.71392046875
vt 0.3480765625 0.71380828125
vt 0.3512165625 0.79197421875
vt 0.3449375 0.79214234375
vt 0.245784375 0.5267709375
vt 0.24907109375 0.52670171875
vt 0.25153640625 0.604853125
vt 0.24660625 0.6049568750000001
vt 0.3198921875 0.87005828125
vt 0.324078125 0.87017046875
vt 0.32303125 0.94839234375
vt 0.3167521875 0.94822421875
vt 0.6908828125 0.9057265624999999
vt 0.6899765625 0.90625
vt 0.689453125 0.904296875
vt 0.0962265625 0.296875
vt 0.0972734375 0.296875
vt 0.0972734375 0.390625
vt 0.0962265625 0.390625
vt 0.1274765625 0.30859375
vt 0.1283828125 0.30911718749999995
vt 0.126953125 0.310546875
vt 0.69140625 0.9048203125000001
vt 0.6908828125 0.9057265624999999
vt 0.689453125 0.904296875
vt 0.0316328125 0.296875
vt 0.0326796875 0.296875
vt 0.0326796875 0.390625
vt 0.0316328125 0.390625
vt 0.1283828125 0.30911718749999995
vt 0.12890625 0.31002343750000005
vt 0.126953125 0.310546875
vt 0.69140625 0.9037734374999999
vt 0.69140625 0.9048203125000001
vt 0.689453125 0.904296875
vt 0.0326796875 0.296875
vt 0.0337265625 0.296875
vt 0.0337265625 0.390625
vt 0.0326796875 0.390625
vt 0.12890625 0.31002343750000005
vt 0.12890625 0.31107031249999995
vt 0.126953125 0.310546875
vt 0.6908828125 0.9028671875000001
vt 0.69140625 0.9037734374999999
vt 0.689453125 0.904296875
vt 0.0337265625 0.296875
vt 0.0347734375 0.296875
vt 0.0347734375 0.390625
vt 0.0337265625 0.390625
vt 0.12890625 0.31107031249999995
vt 0.1283828125 0.31197656250000005
vt 0.126953125 0.310546875
vt 0.6899765625 0.90234375
vt 0.6908828125 0.9028671875000001
vt 0.689453125 0.904296875
vt 0.0628828125 0.296875
vt 0.0639296875 0.296875
vt 0.0639296875 0.390625
vt 0.0628828125 0.390625
vt 0.1283828125 0.31197656250000005
vt 0.1274765625 0.3125
vt 0.126953125 0.310546875
vt 0.6889296875 0.90234375
vt 0.6899765625 0.90234375
vt 0.689453125 0.904296875
vt 0.0639296875 0.296875
vt 0.0649765625 0.296875
vt 0.0649765625 0.390625
vt 0.0639296875 0.390625
vt 0.1274765625 0.3125
vt 0.1264296875 0.3125
vt 0.126953125 0.310546875
vt 0.6880234375 0.9028671875000001
vt 0.6889296875 0.90234375
vt 0.689453125 0.904296875
vt 0.0649765625 0.296875
vt 0.0660234375 0.296875
vt 0.0660234375 0.390625
vt 0.0649765625 0.390625
vt 0.1264296875 0.3125
vt 0.1255234375 0.31197656250000005
vt 0.126953125 0.310546875
vt 0.6875 0.9037734374999999
vt 0.6880234375 0.9028671875000001
vt 0.689453125 0.904296875
vt 0.2816328125 0.296875
vt 0.2826796875 0.296875
vt 0.2826796875 0.390625
vt 0.2816328125 0.390625
vt 0.1255234375 0.31197656250000005
vt 0.125 0.31107031249999995
vt 0.126953125 0.310546875
vt 0.6875 0.9048203125000001
vt 0.6875 0.9037734374999999
vt 0.689453125 0.904296875
vt 0.2826796875 0.296875
vt 0.2837265625 0.296875
vt 0.2837265625 0.390625
vt 0.2826796875 0.390625
vt 0.125 0.31107031249999995
vt 0.125 0.31002343750000005
vt 0.126953125 0.310546875
vt 0.6880234375 0.9057265624999999
vt 0.6875 0.9048203125000001
vt 0.689453125 0.904296875
vt 0.2837265625 0.296875
vt 0.2847734375 0.296875
vt 0.2847734375 0.390625
vt 0.2837265625 0.390625
vt 0.125 0.31002343750000005
vt 0.1255234375 0.30911718749999995
vt 0.126953125 0.310546875
vt 0.6889296875 0.90625
vt 0.6880234375 0.9057265624999999
vt 0.689453125 0.904296875
vt 0.0941328125 0.296875
vt 0.0951796875 0.296875
vt 0.0951796875 0.390625
vt 0.0941328125 0.390625
vt 0.1255234375 0.30911718749999995
vt 0.1264296875 0.30859375
vt 0.126953125 0.310546875
vt 0.6899765625 0.90625
vt 0.6889296875 0.90625
vt 0.689453125 0.904296875
vt 0.0951796875 0.296875
vt 0.0962265625 0.296875
vt 0.0962265625 0.390625
vt 0.0951796875 0.390625
vt 0.1264296875 0.30859375
vt 0.1274765625 0.30859375
vt 0.126953125 0.310546875
vt 0.6908828125 0.8744765624999999
vt 0.6899765625 0.875
vt 0.689453125 0.873046875
vt 0.6274765625 0.578125
vt 0.6285234375 0.578125
vt 0.6285234375 0.671875
vt 0.6274765625 0.671875
vt 0.1587265625 0.30859375
vt 0.1596328125 0.30911718749999995
vt 0.158203125 0.310546875
vt 0.69140625 0.8735703125000001
vt 0.6908828125 0.8744765624999999
vt 0.689453125 0.873046875
vt 0.0003828125 0.296875
vt 0.0014296875 0.296875
vt 0.0014296875 0.390625
vt 0.0003828125 0.390625
vt 0.1596328125 0.30911718749999995
vt 0.16015625 0.31002343750000005
vt 0.158203125 0.310546875
vt 0.69140625 0.8725234374999999
vt 0.69140625 0.8735703125000001
vt 0.689453125 0.873046875
vt 0.0014296875 0.296875
vt 0.0024765625 0.296875
vt 0.0024765625 0.390625
vt 0.0014296875 0.390625
vt 0.16015625 0.31002343750000005
vt 0.16015625 0.31107031249999995
vt 0.158203125 0.310546875
vt 0.6908828125 0.8716171875000001
vt 0.69140625 0.8725234374999999
vt 0.689453125 0.873046875
vt 0.0024765625 0.296875
vt 0.0035234375 0.296875
vt 0.0035234375 0.390625
vt 0.0024765625 0.390625
vt 0.16015625 0.31107031249999995
vt 0.1596328125 0.31197656250000005
vt 0.158203125 0.310546875
vt 0.6899765625 0.87109375
vt 0.6908828125 0.8716171875000001
vt 0.689453125 0.873046875
vt 0.6253828125 0.6875
vt 0.6264296875 0.6875
vt 0.6264296875 0.78125
vt 0.6253828125 0.78125
vt 0.1596328125 0.31197656250000005
vt 0.1587265625 0.3125
vt 0.158203125 0.310546875
vt 0.6889296875 0.87109375
vt 0.6899765625 0.87109375
vt 0.689453125 0.873046875
vt 0.6264296875 0.6875
vt 0.6274765625 0.6875
vt 0.6274765625 0.78125
vt 0.6264296875 0.78125
vt 0.1587265625 0.3125
vt 0.1576796875 0.3125
vt 0.158203125 0.310546875
vt 0.6880234375 0.8716171875000001
vt 0.6889296875 0.87109375
vt 0.689453125 0.873046875
vt 0.6274765625 0.6875
vt 0.6285234375 0.6875
vt 0.6285234375 0.78125
vt 0.6274765625 0.78125
vt 0.1576796875 0.3125
vt 0.1567734375 0.31197656250000005
vt 0.158203125 0.310546875
vt 0.6875 0.8725234374999999
vt 0.6880234375 0.8716171875000001
vt 0.689453125 0.873046875
vt 0.6097578125 0.90625
vt 0.6108046875 0.90625
vt 0.6108046875 1
vt 0.6097578125 1
vt 0.1567734375 0.31197656250000005
vt 0.15625 0.31107031249999995
vt 0.158203125 0.310546875
vt 0.6875 0.8735703125000001
vt 0.6875 0.8725234374999999
vt 0.689453125 0.873046875
vt 0.6108046875 0.90625
vt 0.6118515625 0.90625
vt 0.6118515625 1
vt 0.6108046875 1
vt 0.15625 0.31107031249999995
vt 0.15625 0.31002343750000005
vt 0.158203125 0.310546875
vt 0.6880234375 0.8744765624999999
vt 0.6875 0.8735703125000001
vt 0.689453125 0.873046875
vt 0.6118515625 0.90625
vt 0.6128984375 0.90625
vt 0.6128984375 1
vt 0.6118515625 1
vt 0.15625 0.31002343750000005
vt 0.1567734375 0.30911718749999995
vt 0.158203125 0.310546875
vt 0.6889296875 0.875
vt 0.6880234375 0.8744765624999999
vt 0.689453125 0.873046875
vt 0.6253828125 0.578125
vt 0.6264296875 0.578125
vt 0.6264296875 0.671875
vt 0.6253828125 0.671875
vt 0.1567734375 0.30911718749999995
vt 0.1576796875 0.30859375
vt 0.158203125 0.310546875
vt 0.6899765625 0.875
vt 0.6889296875 0.875
vt 0.689453125 0.873046875
vt 0.6264296875 0.578125
vt 0.6274765625 0.578125
vt 0.6274765625 0.671875
vt 0.6264296875 0.671875
vt 0.1576796875 0.30859375
vt 0.1587265625 0.30859375
vt 0.158203125 0.310546875
vt 0.6908828125 0.8432265624999999
vt 0.6899765625 0.84375
vt 0.689453125 0.841796875
vt 0.6431015625 0.90625
vt 0.6441484375 0.90625
vt 0.6441484375 1
vt 0.6431015625 1
vt 0.6899765625 0.80859375
vt 0.6908828125 0.8091171875000001
vt 0.689453125 0.810546875
vt 0.69140625 0.8423203125000001
vt 0.6908828125 0.8432265624999999
vt 0.689453125 0.841796875
vt 0.203509375 0.265625
vt 0.2045546875 0.265625
vt 0.2045546875 0.359375
vt 0.203509375 0.359375
vt 0.6908828125 0.8091171875000001
vt 0.69140625 0.8100234374999999
vt 0.689453125 0.810546875
vt 0.69140625 0.8412734374999999
vt 0.69140625 0.8423203125000001
vt 0.689453125 0.841796875
vt 0.2045546875 0.265625
vt 0.2056015625 0.265625
vt 0.2056015625 0.359375
vt 0.2045546875 0.359375
vt 0.69140625 0.8100234374999999
vt 0.69140625 0.8110703125000001
vt 0.689453125 0.810546875
vt 0.6908828125 0.8403671875000001
vt 0.69140625 0.8412734374999999
vt 0.689453125 0.841796875
vt 0.2056015625 0.265625
vt 0.206646875 0.265625
vt 0.206646875 0.359375
vt 0.2056015625 0.359375
vt 0.69140625 0.8110703125000001
vt 0.6908828125 0.8119765624999999
vt 0.689453125 0.810546875
vt 0.6899765625 0.83984375
vt 0.6908828125 0.8403671875000001
vt 0.689453125 0.841796875
vt 0.6253828125 0.46875
vt 0.6264296875 0.46875
vt 0.6264296875 0.5625
vt 0.6253828125 0.5625
vt 0.6908828125 0.8119765624999999
vt 0.6899765625 0.8125
vt 0.689453125 0.810546875
vt 0.6889296875 0.83984375
vt 0.6899765625 0.83984375
vt 0.689453125 0.841796875
vt 0.6264296875 0.46875
vt 0.6274765625 0.46875
vt 0.6274765625 0.5625
vt 0.6264296875 0.5625
vt 0.6899765625 0.8125
vt 0.6889296875 0.8125
vt 0.689453125 0.810546875
vt 0.6880234375 0.8403671875000001
vt 0.6889296875 0.83984375
vt 0.689453125 0.841796875
vt 0.6274765625 0.46875
vt 0.6285234375 0.46875
vt 0.6285234375 0.5625
vt 0.6274765625 0.5625
vt 0.6889296875 0.8125
vt 0.6880234375 0.8119765624999999
vt 0.689453125 0.810546875
vt 0.6875 0.8412734374999999
vt 0.6880234375 0.8403671875000001
vt 0.689453125 0.841796875
vt 0.234759375 0.265625
vt 0.2358046875 0.265625
vt 0.2358046875 0.359375
vt 0.234759375 0.359375
vt 0.6880234375 0.8119765624999999
vt 0.6875 0.8110703125000001
vt 0.689453125 0.810546875
vt 0.6875 0.8423203125000001
vt 0.6875 0.8412734374999999
vt 0.689453125 0.841796875
vt 0.2358046875 0.265625
vt 0.2368515625 0.265625
vt 0.2368515625 0.359375
vt 0.2358046875 0.359375
vt 0.6875 0.8110703125000001
vt 0.6875 0.8100234374999999
vt 0.689453125 0.810546875
vt 0.6880234375 0.8432265624999999
vt 0.6875 0.8423203125000001
vt 0.689453125 0.841796875
vt 0.2368515625 0.265625
vt 0.237896875 0.265625
vt 0.237896875 0.359375
vt 0.2368515625 0.359375
vt 0.6875 0.8100234374999999
vt 0.6880234375 0.8091171875000001
vt 0.689453125 0.810546875
vt 0.6889296875 0.84375
vt 0.6880234375 0.8432265624999999
vt 0.689453125 0.841796875
vt 0.6410078125 0.90625
vt 0.6420546875 0.90625
vt 0.6420546875 1
vt 0.6410078125 1
vt 0.6880234375 0.8091171875000001
vt 0.6889296875 0.80859375
vt 0.689453125 0.810546875
vt 0.6899765625 0.84375
vt 0.6889296875 0.84375
vt 0.689453125 0.841796875
vt 0.6420546875 0.90625
vt 0.6431015625 0.90625
vt 0.6431015625 1
vt 0.6420546875 1
vt 0.6889296875 0.80859375
vt 0.6899765625 0.80859375
vt 0.689453125 0.810546875
vt 0.52063765625 0.81940625
vt 0.52615625 0.81640625
vt 0.529296875 0.828759375
vt 0.01290625 0.40918437500000004
vt 0.01914796875 0.40988749999999996
vt 0.014456875 0.4375
vt 0.0113359375 0.4371484375
vt 0.6793046875 0.92578125
vt 0.6820234375 0.9273515625
vt 0.677734375 0.931640625
vt 0.51722203125 0.8246775
vt 0.52063765625 0.81940625
vt 0.529296875 0.828759375
vt 0.04725828125 0.40988749999999996
vt 0.0535 0.40918437500000004
vt 0.0550703125 0.4371484375
vt 0.051949375 0.4375
vt 0.6820234375 0.9273515625
vt 0.68359375 0.9300703125
vt 0.677734375 0.931640625
vt 0.51673875 0.8309401562500001
vt 0.51722203125 0.8246775
vt 0.529296875 0.828759375
vt 0.0535 0.40918437500000004
vt 0.05978125 0.40918437500000004
vt 0.0582109375 0.4371484375
vt 0.0550703125 0.4371484375
vt 0.68359375 0.9300703125
vt 0.68359375 0.9332109375
vt 0.677734375 0.931640625
vt 0.51930515625 0.83667328125
vt 0.51673875 0.8309401562500001
vt 0.529296875 0.828759375
vt 0.05978125 0.40918437500000004
vt 0.06602296875 0.40988749999999996
vt 0.061331875 0.4375
vt 0.0582109375 0.4371484375
vt 0.68359375 0.9332109375
vt 0.6820234375 0.9359296875
vt 0.677734375 0.931640625
vt 0.524298125 0.840484375
vt 0.51930515625 0.83667328125
vt 0.529296875 0.828759375
vt 0.56288328125 0.9723875
vt 0.569125 0.971684375
vt 0.5706953125 0.9996484375
vt 0.567574375 1
vt 0.6820234375 0.9359296875
vt 0.6793046875 0.9375
vt 0.677734375 0.931640625
vt 0.530505 0.841448125
vt 0.524298125 0.840484375
vt 0.529296875 0.828759375
vt 0.569125 0.971684375
vt 0.57540625 0.971684375
vt 0.5738359375 0.9996484375
vt 0.5706953125 0.9996484375
vt 0.6793046875 0.9375
vt 0.6761640625 0.9375
vt 0.677734375 0.931640625
vt 0.53928859375 0.83667328125
vt 0.534295625 0.840484375
vt 0.529296875 0.828759375
vt 0.57540625 0.971684375
vt 0.58164796875 0.9723875
vt 0.576956875 1
vt 0.5738359375 0.9996484375
vt 0.6761640625 0.9375
vt 0.6734453125 0.9359296875
vt 0.677734375 0.931640625
vt 0.541855 0.8309401562500001
vt 0.53928859375 0.83667328125
vt 0.529296875 0.828759375
vt 0.09413328125 0.40988749999999996
vt 0.100375 0.40918437500000004
vt 0.1019453125 0.4371484375
vt 0.098824375 0.4375
vt 0.6734453125 0.9359296875
vt 0.671875 0.9332109375
vt 0.677734375 0.931640625
vt 0.54137171875 0.8246775
vt 0.541855 0.8309401562500001
vt 0.529296875 0.828759375
vt 0.100375 0.40918437500000004
vt 0.10665625 0.40918437500000004
vt 0.1050859375 0.4371484375
vt 0.1019453125 0.4371484375
vt 0.671875 0.9332109375
vt 0.671875 0.9300703125
vt 0.677734375 0.931640625
vt 0.53795609375 0.81940625
vt 0.54137171875 0.8246775
vt 0.529296875 0.828759375
vt 0.10665625 0.40918437500000004
vt 0.11289796875 0.40988749999999996
vt 0.108206875 0.4375
vt 0.1050859375 0.4371484375
vt 0.671875 0.9300703125
vt 0.6734453125 0.9273515625
vt 0.677734375 0.931640625
vt 0.5324375 0.81640625
vt 0.53795609375 0.81940625
vt 0.529296875 0.828759375
vt 0.00038328125 0.40988749999999996
vt 0.006625 0.40918437500000004
vt 0.0081953125 0.4371484375
vt 0.005074375 0.4375
vt 0.6734453125 0.9273515625
vt 0.6761640625 0.92578125
vt 0.677734375 0.931640625
vt 0.52615625 0.81640625
vt 0.5324375 0.81640625
vt 0.529296875 0.828759375
vt 0.006625 0.40918437500000004
vt 0.01290625 0.40918437500000004
vt 0.0113359375 0.4371484375
vt 0.0081953125 0.4371484375
vt 0.6761640625 0.92578125
vt 0.6793046875 0.92578125
vt 0.677734375 0.931640625
vt 0.6908828125 0.7807265624999999
vt 0.6899765625 0.78125
vt 0.689453125 0.779296875
vt 0.6274765625 0.796875
vt 0.6285234375 0.796875
vt 0.6285234375 0.890625
vt 0.6274765625 0.890625
vt 0.6899765625 0.74609375
vt 0.6908828125 0.7466171875000001
vt 0.689453125 0.748046875
vt 0.69140625 0.7798203125000001
vt 0.6908828125 0.7807265624999999
vt 0.689453125 0.779296875
vt 0.6253828125 0.359375
vt 0.6264296875 0.359375
vt 0.6264296875 0.453125
vt 0.6253828125 0.453125
vt 0.6908828125 0.7466171875000001
vt 0.69140625 0.7475234374999999
vt 0.689453125 0.748046875
vt 0.69140625 0.7787734374999999
vt 0.69140625 0.7798203125000001
vt 0.689453125 0.779296875
vt 0.6264296875 0.359375
vt 0.6274765625 0.359375
vt 0.6274765625 0.453125
vt 0.6264296875 0.453125
vt 0.69140625 0.7475234374999999
vt 0.69140625 0.7485703125000001
vt 0.689453125 0.748046875
vt 0.6908828125 0.7778671875000001
vt 0.69140625 0.7787734374999999
vt 0.689453125 0.779296875
vt 0.6274765625 0.359375
vt 0.6285234375 0.359375
vt 0.6285234375 0.453125
vt 0.6274765625 0.453125
vt 0.69140625 0.7485703125000001
vt 0.6908828125 0.7494765624999999
vt 0.689453125 0.748046875
vt 0.6899765625 0.77734375
vt 0.6908828125 0.7778671875000001
vt 0.689453125 0.779296875
vt 0.4847578125 0.296875
vt 0.4858046875 0.296875
vt 0.4858046875 0.390625
vt 0.4847578125 0.390625
vt 0.6908828125 0.7494765624999999
vt 0.6899765625 0.75
vt 0.689453125 0.748046875
vt 0.6889296875 0.77734375
vt 0.6899765625 0.77734375
vt 0.689453125 0.779296875
vt 0.4858046875 0.296875
vt 0.4868515625 0.296875
vt 0.4868515625 0.390625
vt 0.4858046875 0.390625
vt 0.6899765625 0.75
vt 0.6889296875 0.75
vt 0.689453125 0.748046875
vt 0.6880234375 0.7778671875000001
vt 0.6889296875 0.77734375
vt 0.689453125 0.779296875
vt 0.4868515625 0.296875
vt 0.4878984375 0.296875
vt 0.4878984375 0.390625
vt 0.4868515625 0.390625
vt 0.6889296875 0.75
vt 0.6880234375 0.7494765624999999
vt 0.689453125 0.748046875
vt 0.6875 0.7787734374999999
vt 0.6880234375 0.7778671875000001
vt 0.689453125 0.779296875
vt 0.5941328125 0.28125
vt 0.5951796875 0.28125
vt 0.5951796875 0.375
vt 0.5941328125 0.375
vt 0.6880234375 0.7494765624999999
vt 0.6875 0.7485703125000001
vt 0.689453125 0.748046875
vt 0.6875 0.7798203125000001
vt 0.6875 0.7787734374999999
vt 0.689453125 0.779296875
vt 0.5951796875 0.28125
vt 0.5962265625 0.28125
vt 0.5962265625 0.375
vt 0.5951796875 0.375
vt 0.6875 0.7485703125000001
vt 0.6875 0.7475234374999999
vt 0.689453125 0.748046875
vt 0.6880234375 0.7807265624999999
vt 0.6875 0.7798203125000001
vt 0.689453125 0.779296875
vt 0.5962265625 0.28125
vt 0.5972734375 0.28125
vt 0.5972734375 0.375
vt 0.5962265625 0.375
vt 0.6875 0.7475234374999999
vt 0.6880234375 0.7466171875000001
vt 0.689453125 0.748046875
vt 0.6889296875 0.78125
vt 0.6880234375 0.7807265624999999
vt 0.689453125 0.779296875
vt 0.6253828125 0.796875
vt 0.6264296875 0.796875
vt 0.6264296875 0.890625
vt 0.6253828125 0.890625
vt 0.6880234375 0.7466171875000001
vt 0.6889296875 0.74609375
vt 0.689453125 0.748046875
vt 0.6899765625 0.78125
vt 0.6889296875 0.78125
vt 0.689453125 0.779296875
vt 0.6264296875 0.796875
vt 0.6274765625 0.796875
vt 0.6274765625 0.890625
vt 0.6264296875 0.890625
vt 0.6889296875 0.74609375
vt 0.6899765625 0.74609375
vt 0.689453125 0.748046875
vn 0 -1 0
vn 0.4998161192939643 -0.02499160819997575 0.8657709087359662
vn 0.8338610510276008 0.18579857722215473 0.51976401980261
vn 0 -1 0
vn 0.8658178199020274 -0.022721722821975977 0.49984320146632155
vn 0.51976401980261 0.18579857722215473 0.8338610510276008
vn 0 -1 0
vn 0.9997418355449429 -0.022721405353294154 0
vn 0.9701425001453319 0.24253562503633297 0
vn 0 -1 0
vn 0.8657709087359662 -0.02499160819997575 -0.4998161192939643
vn 0.51976401980261 0.18579857722215473 -0.8338610510276008
vn 0 -1 0
vn 0.49984320146632155 -0.022721722821975977 -0.8658178199020274
vn 0.8338610510276008 0.18579857722215473 -0.51976401980261
vn 0 -1 0
vn 0 -0.022721405353294154 -0.9997418355449429
vn 0 0.24253562503633297 -0.9701425001453319
vn 0 -1 0
vn -0.4998161192939643 -0.02499160819997575 -0.8657709087359662
vn -0.8338610510276008 0.18579857722215473 -0.51976401980261
vn 0 -1 0
vn -0.8658178199020274 -0.022721722821975977 -0.49984320146632155
vn -0.51976401980261 0.18579857722215473 -0.8338610510276008
vn 0 -1 0
vn -0.9997418355449429 -0.022721405353294154 0
vn -0.9701425001453319 0.24253562503633297 0
vn 0 -1 0
vn -0.8657709087359662 -0.02499160819997575 0.4998161192939643
vn -0.51976401980261 0.18579857722215473 0.8338610510276008
vn 0 -1 0
vn -0.49984320146632155 -0.022721722821975977 0.8658178199020274
vn -0.8338610510276008 0.18579857722215473 0.51976401980261
vn 0 -1 0
vn 0 -0.022721405353294154 0.9997418355449429
vn 0 0.24253562503633297 0.9701425001453319
vn 0 0 1
vn 0.49997228014499284 0 0.8660414072586927
vn 0.8660414072586927 0 0.49997228014499284
vn 1 0 0
vn 0.8660414072586927 0 -0.49997228014499284
vn 0.49997228014499284 0 -0.8660414072586927
vn 0 0 -1
vn -0.49997228014499284 0 -0.8660414072586927
vn -0.8660414072586927 0 -0.49997228014499284
vn -1 0 0
vn -0.8660414072586927 0 0.49997228014499284
vn -0.49997228014499284 0 0.8660414072586927
vn 0 -0.031234752377721213 -0.9995120760870788
vn -0.4997484069356959 -0.031235923190718436 -0.8656072128093998
vn -0.8656072548323226 -0.031234370453708204 -0.4997484311971489
vn -0.9995120760870788 -0.031234752377721213 0
vn -0.8656072128094 -0.031235923190718443 0.499748406935696
vn -0.4997484311971489 -0.031234370453708204 0.8656072548323226
vn 0 -0.031234752377721213 0.9995120760870788
vn 0.4997484069356959 -0.031235923190718436 0.8656072128093998
vn 0.8656072128094 -0.031235923190718443 -0.499748406935696
vn 0.4997484311971489 -0.031234370453708204 -0.8656072548323226
vn 0.8656072548323226 -0.031234370453708204 0.4997484311971489
vn 0.9995120760870788 -0.031234752377721213 0
vn -0.6329870888280155 0.34169456193824327 -0.694674147869968
vn -0.08110198485988084 -0.9945088707981391 -0.066140562105248
vn -0.5599375535368917 -0.06839977378855794 0.8257066107793947
vn 0.8669813919945549 -0.09734643451385773 -0.48874015347894534
vn 0.38814582331754427 0.8287626624957234 0.4031070194056977
vn -1 0 0
vn 0.242535625036333 -0.970142500145332 0
vn 0.3511234415883917 0 0.9363291775690445
vn 0.3511234415883917 0 -0.9363291775690445
vn 0.242535625036333 0.970142500145332 0
vn 0 0 -1
vn 0 -0.970142500145332 0.242535625036333
vn -0.9363291775690445 -2.0790684231309798e-16 0.3511234415883917
vn 0.9363291775690445 2.0790684231309798e-16 0.3511234415883917
vn 0 0.970142500145332 0.242535625036333
vn 0 0 1
vn 0 -0.970142500145332 -0.242535625036333
vn 0.9363291775690445 2.0790684231309798e-16 -0.3511234415883917
vn -0.9363291775690445 -2.0790684231309798e-16 -0.3511234415883917
vn 0 0.970142500145332 -0.242535625036333
vn 0 -0.7071067811865482 0.7071067811865469
vn 0 -0.5812381937190967 -0.813733471206735
vn 0.9863939238321437 0.11624763874381969 -0.11624763874381894
vn -0.9863939238321439 0.11624763874381913 -0.1162476387438195
vn -2.581216101833912e-16 0.813733471206735 0.5812381937190965
vn 3.1401849173675484e-16 -0.707106781186548 -0.7071067811865471
vn 2.581216101833912e-16 0.813733471206735 -0.5812381937190965
vn 0.9863939238321439 0.11624763874381913 0.1162476387438195
vn -0.9863939238321437 0.11624763874381969 0.11624763874381894
vn 0 -0.5812381937190967 0.813733471206735
vn -0.7071067811865468 -0.7071067811865483 0
vn -0.5812381937190964 0.813733471206735 0
vn 0.1162476387438192 0.11624763874381952 -0.9863939238321437
vn 0.1162476387438192 0.11624763874381928 0.9863939238321437
vn 0.813733471206735 -0.5812381937190967 0
vn 0.7071067811865468 -0.7071067811865483 0
vn 0.5812381937190964 0.813733471206735 0
vn -0.11624763874381916 0.11624763874381941 0.9863939238321437
vn -0.11624763874381916 0.11624763874381941 -0.9863939238321437
vn -0.813733471206735 -0.5812381937190967 0
vn 1 0 0
vn -0.242535625036333 -0.970142500145332 0
vn -0.3511234415883917 -2.0790684231309798e-16 -0.9363291775690445
vn -0.3511234415883917 2.0790684231309798e-16 0.9363291775690445
vn -0.242535625036333 0.970142500145332 0
vn 0.6329870888280162 0.34169456193824294 0.6946741478699675
vn 0.08110198485987881 -0.9945088707981391 0.06614056210525104
vn 0.5599375535368917 -0.06839977378855787 -0.8257066107793947
vn -0.8669813919945548 -0.09734643451385788 0.4887401534789456
vn -0.3881458233175441 0.8287626624957234 -0.40310701940569776
vn -0.6368622595625847 0.3416945890525412 0.6911231946310686
vn -0.05882044779442039 -0.9945088688592408 0.08655786897548616
vn 0.8713662881888338 -0.06839984649805227 0.4858417981267742
vn -0.5624427158187083 -0.09734637495672976 -0.8210857901006811
vn 0.3677440201645486 0.8287626474044584 -0.42180186094939126
vn 0.6368622595625848 0.34169458905254135 -0.6911231946310685
vn 0.058820447794420395 -0.9945088688592408 -0.08655786897548613
vn -0.8713662881888338 -0.06839984649805246 -0.4858417981267741
vn 0.5624427158187082 -0.09734637495672968 0.8210857901006811
vn -0.36774402016454605 0.8287626474044586 0.421801860949393
vn -0.4209943592528844 -0.7934512623449228 -0.43954390424677914
vn 0.6096490153537057 -0.4218381713589701 0.6711040420551626
vn -0.6265782470410924 0.18668725334553826 0.7566687318590684
vn 0.8092312452246928 0.15756023784901171 -0.5659678110997624
vn -0.426996017170104 0.7660856625535201 -0.4804031212958578
vn 0.42099435925288636 -0.7934512623449228 0.43954390424677736
vn -0.6096490153537045 -0.42183817135897 -0.6711040420551638
vn 0.6265782470410924 0.18668725334553826 -0.7566687318590682
vn -0.8092312452246929 0.1575602378490111 0.565967811099762
vn 0.4269960171701037 0.7660856625535202 0.48040312129585805
vn -0.43954403223505856 -0.7934511663664372 0.42099440651662656
vn 0.6711040445852748 -0.42183831437288294 -0.6096489136120317
vn 0.7566687005290935 0.1866872320009466 0.6265782912353713
vn -0.5659677242406744 0.15756021755228947 -0.8092313099248615
vn -0.4804030682968558 0.7660857639261189 0.42699589492254114
vn 0.4395440322350584 -0.793451166366437 -0.4209944065166266
vn -0.6711040445852746 -0.42183831437288327 0.6096489136120317
vn -0.7566687005290935 0.18668723200094675 -0.6265782912353715
vn 0.5659677242406742 0.15756021755228908 0.8092313099248617
vn 0.4804030682968557 0.7660857639261189 -0.4269958949225411
vn 0.7183137049807841 0.3918087016928827 -0.5749011763029512
vn 0.4349490745020369 0.49322392383499286 0.7533587880596037
vn 0.482965010345329 0.2588209490440617 0.8365145038300696
vn 0.48296025703423684 -0.2588213129304242 0.8365171355677034
vn -0.7967982237098916 -0.5690896174655626 0.20309997042260028
vn -0.346294582082192 -0.2667438581424313 0.8994041230524855
vn -0.5749011763029512 0.3918087016928826 0.7183137049807841
vn 0.6123724000017952 0.7071079703866086 0.353551074007381
vn 0.8365155955255755 0.2588162444739005 0.4829656406401163
vn 0.8365183961490917 -0.25881588057836524 0.48296098482651445
vn 0.8511869743310043 -0.3167348064488403 -0.4185209637677017
vn 0.8994041230524855 -0.26674385814243134 -0.34629458208219205
vn -0.6984913558725424 0.7156184917757067 0
vn 0.8699025987225595 0.4932235484399926 0
vn 0.9659256312759249 0.258819772900384 0
vn 0.9659256312759248 -0.258819772900384 0
vn -0.018275039260296968 -0.9998329975251041 0
vn 0.9494320605827918 -0.3139725502930374 0
vn -0.5749011763029512 0.3918087016928827 -0.7183137049807841
vn 0.7533587880596037 0.49322392383499286 -0.4349490745020369
vn 0.8365145038300696 0.2588209490440617 -0.482965010345329
vn 0.8365171355677034 -0.2588213129304242 -0.48296025703423684
vn 0.20309997042260028 -0.5690896174655626 0.7967982237098916
vn 0.8994041230524855 -0.2667438581424313 0.346294582082192
vn 0.7183137049807841 0.3918087016928826 0.5749011763029512
vn 0.353551074007381 0.7071079703866086 -0.6123724000017952
vn 0.4829656406401163 0.2588162444739005 -0.8365155955255755
vn 0.4829609848265145 -0.25881588057836524 -0.8365183961490918
vn -0.4185209637677017 -0.3167348064488403 -0.8511869743310043
vn -0.34629458208219205 -0.26674385814243134 -0.8994041230524855
vn 0 0.7156184917757067 0.6984913558725424
vn 0 0.4932235484399926 -0.8699025987225595
vn 0 0.258819772900384 -0.9659256312759249
vn 0 -0.258819772900384 -0.9659256312759248
vn 0 -0.9998329975251041 0.018275039260296968
vn 0 -0.3139725502930374 -0.9494320605827918
vn -0.7183137049807841 0.3918087016928827 0.5749011763029512
vn -0.4349490745020369 0.49322392383499286 -0.7533587880596037
vn -0.482965010345329 0.2588209490440617 -0.8365145038300696
vn -0.48296025703423684 -0.2588213129304242 -0.8365171355677034
vn 0.7967982237098916 -0.5690896174655626 -0.20309997042260028
vn 0.346294582082192 -0.2667438581424313 -0.8994041230524855
vn 0.5749011763029512 0.3918087016928826 -0.7183137049807841
vn -0.6123724000017952 0.7071079703866086 -0.353551074007381
vn -0.8365155955255755 0.2588162444739005 -0.4829656406401163
vn -0.8365183961490917 -0.25881588057836524 -0.48296098482651445
vn -0.8511869743310043 -0.3167348064488403 0.4185209637677017
vn -0.8994041230524855 -0.26674385814243134 0.34629458208219205
vn 0.6984913558725424 0.7156184917757067 0
vn -0.8699025987225595 0.4932235484399926 0
vn -0.9659256312759249 0.258819772900384 0
vn -0.9659256312759248 -0.258819772900384 0
vn 0.018275039260296968 -0.9998329975251041 0
vn -0.9494320605827918 -0.3139725502930374 0
vn 0.5749011763029512 0.3918087016928827 0.7183137049807841
vn -0.7533587880596037 0.49322392383499286 0.4349490745020369
vn -0.8365145038300696 0.2588209490440617 0.482965010345329
vn -0.8365171355677034 -0.2588213129304242 0.48296025703423684
vn -0.20309997042260028 -0.5690896174655626 -0.7967982237098916
vn -0.8994041230524855 -0.2667438581424313 -0.346294582082192
vn -0.7183137049807841 0.3918087016928826 -0.5749011763029512
vn -0.353551074007381 0.7071079703866086 0.6123724000017952
vn -0.4829656406401163 0.2588162444739005 0.8365155955255755
vn -0.4829609848265145 -0.25881588057836524 0.8365183961490918
vn 0.4185209637677017 -0.3167348064488403 0.8511869743310043
vn 0.34629458208219205 -0.26674385814243134 0.8994041230524855
vn 0 0.7156184917757067 -0.6984913558725424
vn 0 0.4932235484399926 0.8699025987225595
vn 0 0.258819772900384 0.9659256312759249
vn 0 -0.258819772900384 0.9659256312759248
vn 0 -0.9998329975251041 -0.018275039260296968
vn 0 -0.3139725502930374 0.9494320605827918
vn 0.49999238346988695 0 0.8660298011454927
vn -0.499993055225118 0 -0.866029413314959
vn 0 -1 0
vn 0 1 0
vn 0.8660298011454927 0 0.49999238346988695
vn -0.866029413314959 0 -0.499993055225118
vn 0 -1 0
vn 0 1 0
vn 1 0 0
vn -1 0 0
vn 0 -1 0
vn 0 1 0
vn 0.8660298011454927 0 -0.49999238346988695
vn -0.866029413314959 0 0.499993055225118
vn 0 -1 0
vn 0 1 0
vn 0.49999238346988695 0 -0.8660298011454927
vn -0.499993055225118 0 0.866029413314959
vn 0 -1 0
vn 0 1 0
vn 0 0 -1
vn 0 0 1
vn 0 -1 0
vn 0 1 0
vn -0.49999238346988695 0 -0.8660298011454927
vn 0.499993055225118 0 0.866029413314959
vn 0 -1 0
vn 0 1 0
vn -0.8660298011454927 0 -0.49999238346988695
vn 0.866029413314959 0 0.499993055225118
vn 0 -1 0
vn 0 1 0
vn -1 0 0
vn 1 0 0
vn 0 -1 0
vn 0 1 0
vn -0.8660298011454927 0 0.49999238346988695
vn 0.866029413314959 0 -0.499993055225118
vn 0 -1 0
vn 0 1 0
vn -0.49999238346988695 0 0.8660298011454927
vn 0.499993055225118 0 -0.866029413314959
vn 0 -1 0
vn 0 1 0
vn 0 0 1
vn 0 0 -1
vn 0 -1 0
vn 0 1 0
vn 0.4902628926893891 0.19611877128508542 0.8492230117003783
vn -0.49396318847665044 -0.1551589582663215 -0.8555267769624111
vn 0.8492242306484662 0.19611173378212754 0.49026359639737555
vn -0.8555277557602111 -0.15515176196075028 -0.493963753613938
vn 0.9805806756909203 0.19611613513818407 0
vn -0.9878902806091039 -0.15515409591134344 0
vn 0.8492230117003783 0.19611877128508542 -0.4902628926893891
vn -0.8555267769624111 -0.1551589582663215 0.49396318847665044
vn 0.49026359639737555 0.19611173378212754 -0.8492242306484662
vn -0.493963753613938 -0.15515176196075028 0.8555277557602111
vn 0 0.19611613513818407 -0.9805806756909203
vn 0 -0.15515409591134344 0.9878902806091039
vn -0.4902628926893891 0.19611877128508542 -0.8492230117003783
vn 0.49396318847665044 -0.1551589582663215 0.8555267769624111
vn -0.8492230117003783 0.19611877128508542 0.4902628926893891
vn 0.8555267769624111 -0.1551589582663215 -0.49396318847665044
vn -0.9805806756909203 0.19611613513818407 0
vn 0.9878902806091039 -0.15515409591134344 0
vn -0.8492242306484662 0.19611173378212754 -0.49026359639737555
vn 0.8555277557602111 -0.15515176196075028 0.493963753613938
vn 0 0.19611613513818407 0.9805806756909203
vn 0 -0.15515409591134344 -0.9878902806091039
vn -0.49026359639737555 0.19611173378212754 0.8492242306484662
vn 0.493963753613938 -0.15515176196075028 -0.8555277557602111
vn -0.8653478097984011 0.03923502698041853 -0.4996336465200842
vn 0.8649608509106693 -0.049938313303194155 0.4993484667607615
vn -0.9992300592788058 0.039233769047523036 0
vn 0.9987523388778448 -0.04993761694389223 0
vn -0.4996336830715297 0.0392331652354763 -0.8653478731042124
vn 0.4993485132332271 -0.04993645429280543 0.864960931409291
vn 0 0.039233769047523036 -0.9992300592788058
vn 0 -0.04993761694389223 0.9987523388778448
vn 0.4996336465200842 0.03923502698041853 -0.8653478097984011
vn -0.4993484667607615 -0.049938313303194155 0.8649608509106693
vn 0.8653478731042124 0.0392331652354763 -0.4996336830715297
vn -0.864960931409291 -0.04993645429280543 0.4993485132332271
vn 0.9992300592788058 0.039233769047523036 0
vn -0.9987523388778448 -0.04993761694389223 0
vn -0.8653478731042124 0.0392331652354763 0.4996336830715297
vn 0.864960931409291 -0.04993645429280543 -0.4993485132332271
vn -0.4996336465200842 0.03923502698041853 0.8653478097984011
vn 0.4993484667607615 -0.049938313303194155 -0.8649608509106693
vn 0 0.039233769047523036 0.9992300592788058
vn 0 -0.04993761694389223 -0.9987523388778448
vn 0.4996336830715297 0.0392331652354763 0.8653478731042124
vn -0.4993485132332271 -0.04993645429280543 -0.864960931409291
vn 0.8653478097984011 0.03923502698041853 0.4996336465200842
vn -0.8649608509106693 -0.049938313303194155 -0.4993484667607615
vn -0.2065026790917034 -0.9674499661142314 0.14627784040490138
vn -0.4431079585777269 0.22575859758386296 0.8675761595745051
vn 0.20650267909175424 0.9674499661142224 -0.14627784040488842
vn -0.2065026790917326 -0.9674499661142262 0.14627784040489422
vn 0.052635871272856974 0.13829963846481885 0.9889907355763489
vn 0.2065026790916811 0.9674499661142353 -0.14627784040490627
vn -0.2065026790917068 -0.9674499661142327 0.14627784040488656
vn 0.5340152838124405 0.01383233477140938 0.8453616641234037
vn 0.20650267909174133 0.9674499661142197 -0.14627784040492428
vn -0.20650267909171824 -0.9674499661142286 0.14627784040489897
vn 0.8723600062892762 -0.11433992602125814 0.4753045347400203
vn 0.2065026790917184 0.9674499661142284 -0.1462778404048992
vn -0.2065026790917177 -0.967449966114229 0.1462778404048966
vn 0.9770292260640374 -0.21192869807102502 -0.022363326018918526
vn 0.2065026790917178 0.967449966114229 -0.14627784040489628
vn -0.20650267909170547 -0.9674499661142258 0.1462778404049351
vn 0.8198684773685766 -0.25268405090221024 -0.5137766540404313
vn 0.20650267909172132 0.96744996611423 -0.14627784040488528
vn -0.20650267909171588 -0.967449966114225 0.14627784040492525
vn 0.4431079585777282 -0.22575859758386305 -0.8675761595745045
vn 0.20650267909170436 0.9674499661142311 -0.14627784040490124
vn -0.20650267909173087 -0.9674499661142223 0.1462778404049216
vn -0.052635871272858605 -0.13829963846481863 -0.988990735576349
vn 0.20650267909168113 0.9674499661142352 -0.14627784040490693
vn -0.20650267909169207 -0.9674499661142325 0.14627784040491004
vn -0.5340152838124405 -0.013832334771409372 -0.8453616641234036
vn 0.20650267909174197 0.9674499661142194 -0.14627784040492509
vn -0.2065026790916942 -0.9674499661142317 0.14627784040491237
vn -0.8723600062892759 0.11433992602125789 -0.475304534740021
vn 0.20650267909171804 0.9674499661142286 -0.14627784040489894
vn -0.20650267909170147 -0.967449966114225 0.14627784040494685
vn -0.9770292260640382 0.21192869807102352 0.02236332601890738
vn 0.20650267909171746 0.9674499661142291 -0.14627784040489644
vn -0.20650267909172135 -0.9674499661142301 0.14627784040488453
vn -0.8198684773685695 0.25268405090221047 0.5137766540404426
vn 0.20650267909170542 0.9674499661142258 -0.14627784040493427
vn 0.20650267909170317 -0.9674499661142313 -0.14627784040490155
vn 0.44310795857772567 0.2257585975838627 -0.8675761595745057
vn -0.20650267909171632 0.967449966114225 0.14627784040492517
vn 0.20650267909168227 -0.967449966114235 -0.14627784040490666
vn -0.052635871272848335 0.13829963846482093 -0.9889907355763492
vn -0.2065026790917307 0.9674499661142225 0.14627784040492164
vn 0.20650267909174114 -0.9674499661142197 -0.14627784040492423
vn -0.5340152838124415 0.013832334771409084 -0.845361664123403
vn -0.2065026790916914 0.9674499661142325 0.1462778404049099
vn 0.20650267909171804 -0.9674499661142286 -0.14627784040489897
vn -0.8723600062892752 -0.11433992602125766 -0.47530453474002227
vn -0.20650267909169429 0.9674499661142316 0.146277840404913
vn 0.20650267909171774 -0.9674499661142287 -0.1462778404048976
vn -0.9770292260640371 -0.2119286980710257 0.022363326018923324
vn -0.20650267909170142 0.9674499661142247 0.1462778404049471
vn 0.20650267909172218 -0.96744996611423 -0.14627784040488365
vn -0.8198684773685719 -0.25268405090221063 0.5137766540404389
vn -0.20650267909172149 0.96744996611423 0.14627784040488434
vn 0.2065026790916645 -0.9674499661142341 -0.14627784040493783
vn -0.4431079585777361 -0.22575859758386407 0.8675761595745
vn -0.20650267909170317 0.9674499661142313 0.14627784040490155
vn 0.20650267909173173 -0.9674499661142223 -0.14627784040492142
vn 0.05263587127285548 -0.1382996384648193 0.9889907355763491
vn -0.20650267909173411 0.967449966114226 0.146277840404894
vn 0.20650267909169176 -0.9674499661142326 -0.1462778404049095
vn 0.534015283812441 -0.013832334771409258 0.8453616641234035
vn -0.20650267909170666 0.9674499661142328 0.14627784040488578
vn 0.20650267909172879 -0.9674499661142185 -0.14627784040495
vn 0.8723600062892726 0.11433992602125637 0.4753045347400275
vn -0.20650267909171788 0.9674499661142288 0.146277840404898
vn 0.20650267909171774 -0.9674499661142287 -0.1462778404048976
vn 0.9770292260640373 0.21192869807102574 -0.022363326018923317
vn -0.2065026790917177 0.9674499661142287 0.1462778404048976
vn 0.20650267909172218 -0.96744996611423 -0.14627784040488365
vn 0.8198684773685718 0.2526840509022105 -0.5137766540404388
vn -0.20650267909170575 0.9674499661142257 0.14627784040493508
vn -0.12372788414161584 -0.9775510963830197 -0.17054402553650197
vn -0.8726787157824931 0.18900218397606527 -0.45023331004324446
vn 0.1237278841415798 0.9775510963830175 0.17054402553654147
vn -0.12372788414160443 -0.9775510963830129 -0.1705440255365497
vn -0.9919360038671571 0.11708322193397758 0.048523019007628475
vn 0.1237278841415896 0.9775510963830234 0.1705440255365005
vn -0.12372788414159179 -0.9775510963830217 -0.17054402553650785
vn -0.8453616599102556 0.013832209564503158 0.534015293725134
vn 0.12372788414159165 0.9775510963830218 0.17054402553650733
vn -0.12372788414161177 -0.9775510963830161 -0.1705440255365262
vn -0.4723592591514024 -0.09312372636786412 0.8764728757248005
vn 0.12372788414161237 0.9775510963830161 0.17054402553652634
vn -0.12372788414160905 -0.9775510963830164 -0.1705440255365256
vn 0.027465886439315947 -0.17517240964809005 0.984154587440502
vn 0.12372788414160794 0.9775510963830167 0.17054402553652537
vn -0.12372788414158768 -0.977551096383018 -0.17054402553653242
vn 0.5196682351651108 -0.21024396290719746 0.8280956475078567
vn 0.12372788414163897 0.9775510963830144 0.17054402553651554
vn -0.12372788414161576 -0.9775510963830196 -0.17054402553650233
vn 0.8726787157824931 -0.1890021839760651 0.4502333100432446
vn 0.12372788414160353 0.9775510963830124 0.17054402553655348
vn -0.1237278841416044 -0.9775510963830129 -0.17054402553654993
vn 0.9919360038671571 -0.11708322193397794 -0.04852301900762688
vn 0.12372788414161677 0.9775510963830203 0.17054402553649822
vn -0.12372788414159169 -0.9775510963830218 -0.17054402553650794
vn 0.8453616599102556 -0.013832209564503175 -0.534015293725134
vn 0.12372788414163058 0.9775510963830106 0.170544025536544
vn -0.12372788414161201 -0.9775510963830161 -0.1705440255365266
vn 0.47235925915139915 0.0931237263678649 -0.876472875724802
vn 0.12372788414157318 0.977551096383027 0.1705440255364913
vn -0.12372788414160818 -0.9775510963830166 -0.17054402553652576
vn -0.027465886439309507 0.17517240964808933 -0.9841545874405021
vn 0.12372788414160742 0.9775510963830214 0.17054402553649867
vn -0.12372788414158759 -0.9775510963830182 -0.17054402553653225
vn -0.5196682351651107 0.21024396290719732 -0.8280956475078566
vn 0.12372788414162493 0.9775510963830202 0.17054402553649312
vn -0.15811131882280124 -0.948683401803581 -0.2738623997603535
vn 0.48889373610335823 0.20952930782303214 0.8468059895643755
vn 0 1 0
vn -0.2738623997603535 -0.948683401803581 -0.15811131882280124
vn 0.8468059895643755 0.20952930782303214 0.48889373610335823
vn 0 1 0
vn -0.31622776601683794 -0.9486832980505139 0
vn 0.9778024140774095 0.20952908873087345 0
vn 0 1 0
vn -0.2738623997603535 -0.948683401803581 0.15811131882280124
vn 0.8468059895643755 0.20952930782303214 -0.48889373610335823
vn 0 1 0
vn -0.15811131882280124 -0.948683401803581 0.2738623997603535
vn 0.48889373610335823 0.20952930782303214 -0.8468059895643755
vn 0 1 0
vn 0 -0.9486832980505139 0.31622776601683794
vn 0 0.20952908873087345 -0.9778024140774095
vn 0 1 0
vn 0.15811131882280124 -0.948683401803581 0.2738623997603535
vn -0.48889373610335823 0.20952930782303214 -0.8468059895643755
vn 0 1 0
vn 0.2738623997603535 -0.948683401803581 0.15811131882280124
vn -0.8468059895643755 0.20952930782303214 -0.48889373610335823
vn 0 1 0
vn 0.31622776601683794 -0.9486832980505139 0
vn -0.9778024140774095 0.20952908873087345 0
vn 0 1 0
vn 0.2738623997603535 -0.948683401803581 -0.15811131882280124
vn -0.8468059895643755 0.20952930782303214 0.48889373610335823
vn 0 1 0
vn 0.15811131882280124 -0.948683401803581 -0.2738623997603535
vn -0.48889373610335823 0.20952930782303214 0.8468059895643755
vn 0 1 0
vn 0 -0.9486832980505139 -0.31622776601683794
vn 0 0.20952908873087345 0.9778024140774095
vn 0 1 0
vn 0.12372788414160368 -0.9775510963830122 0.17054402553655412
vn 0.8726787157824976 0.18900218397606416 0.4502333100432367
vn -0.12372788414161608 0.9775510963830197 -0.17054402553650236
vn 0.12372788414161705 -0.9775510963830203 0.17054402553649828
vn 0.9919360038671571 0.1170832219339786 -0.04852301900762264
vn -0.12372788414160465 0.9775510963830127 -0.17054402553655007
vn 0.12372788414163063 -0.9775510963830106 0.17054402553654335
vn 0.8453616599102555 0.013832209564503078 -0.5340152937251343
vn -0.12372788414159196 0.9775510963830217 -0.170544025536508
vn 0.1237278841415738 -0.977551096383027 0.17054402553649115
vn 0.47235925915139415 -0.09312372636786588 -0.8764728757248047
vn -0.12372788414161216 0.9775510963830158 -0.17054402553652656
vn 0.12372788414160753 -0.9775510963830215 0.17054402553649844
vn -0.0274658864393111 -0.17517240964808936 -0.9841545874405021
vn -0.12372788414160849 0.9775510963830164 -0.17054402553652576
vn 0.12372788414162467 -0.9775510963830202 0.17054402553649295
vn -0.5196682351651032 -0.210243962907197 -0.8280956475078614
vn -0.12372788414158789 0.9775510963830181 -0.17054402553653236
vn 0.12372788414157909 -0.9775510963830174 0.17054402553654172
vn -0.8726787157824971 -0.18900218397606425 -0.45023331004323697
vn -0.12372788414161573 0.9775510963830196 -0.17054402553650255
vn 0.12372788414158918 -0.9775510963830235 0.1705440255364995
vn -0.9919360038671571 -0.11708322193397833 0.048523019007623645
vn -0.12372788414160447 0.9775510963830129 -0.17054402553654952
vn 0.12372788414159178 -0.9775510963830217 0.170544025536508
vn -0.8453616599102559 -0.013832209564503319 0.5340152937251333
vn -0.12372788414159196 0.9775510963830217 -0.170544025536508
vn 0.12372788414161195 -0.9775510963830158 0.17054402553652656
vn -0.4723592591514013 0.09312372636786433 0.876472875724801
vn -0.12372788414161216 0.9775510963830158 -0.17054402553652656
vn 0.12372788414160854 -0.9775510963830164 0.1705440255365258
vn 0.02746588643931273 0.17517240964808944 0.984154587440502
vn -0.1237278841416087 0.9775510963830164 -0.1705440255365258
vn 0.12372788414163922 -0.9775510963830143 0.17054402553651607
vn 0.5196682351651033 0.21024396290719707 0.8280956475078612
vn -0.12372788414158797 0.9775510963830181 -0.17054402553653247
usemtl m_9bd649a8-18f3-1aab-1f22-938e35d0e4b2
f 47/1/1 46/2/1 40/3/1
f 2/4/2 4/5/2 5/6/2 3/7/2
f 3/8/3 5/9/3 1/10/3
f 50/11/4 47/12/4 40/13/4
f 4/14/5 6/15/5 7/16/5 5/17/5
f 5/18/6 7/19/6 1/20/6
f 49/21/7 50/22/7 40/23/7
f 6/24/8 8/25/8 9/26/8 7/27/8
f 7/28/9 9/29/9 1/30/9
f 48/31/10 49/32/10 40/33/10
f 8/34/11 10/35/11 11/36/11 9/37/11
f 9/38/12 11/39/12 1/40/12
f 39/41/13 48/42/13 40/43/13
f 10/44/14 12/45/14 13/46/14 11/47/14
f 11/48/15 13/49/15 1/50/15
f 38/51/16 39/52/16 40/53/16
f 12/54/17 14/55/17 15/56/17 13/57/17
f 13/58/18 15/59/18 1/60/18
f 41/61/19 38/62/19 40/63/19
f 14/64/20 16/65/20 17/66/20 15/67/20
f 15/68/21 17/69/21 1/70/21
f 42/71/22 41/72/22 40/73/22
f 16/74/23 18/75/23 19/76/23 17/77/23
f 17/78/24 19/79/24 1/80/24
f 43/81/25 42/82/25 40/83/25
f 18/84/26 20/85/26 21/86/26 19/87/26
f 19/88/27 21/89/27 1/90/27
f 44/91/28 43/92/28 40/93/28
f 20/94/29 22/95/29 23/96/29 21/97/29
f 21/98/30 23/99/30 1/100/30
f 45/101/31 44/102/31 40/103/31
f 22/104/32 24/105/32 25/106/32 23/107/32
f 23/108/33 25/109/33 1/110/33
f 46/111/34 45/112/34 40/113/34
f 24/114/35 2/115/35 3/116/35 25/117/35
f 25/118/36 3/119/36 1/120/36
f 27/121/37 26/122/37 2/123/37 24/124/37
f 26/125/38 28/126/38 4/127/38 2/128/38
f 28/129/39 29/130/39 6/131/39 4/132/39
f 29/133/40 30/134/40 8/135/40 6/136/40
f 30/137/41 31/138/41 10/139/41 8/140/41
f 31/141/42 32/142/42 12/143/42 10/144/42
f 32/145/43 33/146/43 14/147/43 12/148/43
f 33/149/44 34/150/44 16/151/44 14/152/44
f 34/153/45 35/154/45 18/155/45 16/156/45
f 35/157/46 36/158/46 20/159/46 18/160/46
f 36/161/47 37/162/47 22/163/47 20/164/47
f 37/165/48 27/166/48 24/167/48 22/168/48
f 39/169/49 38/170/49 33/171/49 32/172/49
f 38/173/50 41/174/50 34/175/50 33/176/50
f 41/177/51 42/178/51 35/179/51 34/180/51
f 42/181/52 43/182/52 36/183/52 35/184/52
f 43/185/53 44/186/53 37/187/53 36/188/53
f 44/189/54 45/190/54 27/191/54 37/192/54
f 45/193/55 46/194/55 26/195/55 27/196/55
f 46/197/56 47/198/56 28/199/56 26/200/56
f 49/201/57 48/202/57 31/203/57 30/204/57
f 48/205/58 39/206/58 32/207/58 31/208/58
f 47/209/59 50/210/59 29/211/59 28/212/59
f 50/213/60 49/214/60 30/215/60 29/216/60
f 53/217/61 52/218/61 54/219/61 55/220/61
f 52/221/62 53/222/62 51/223/62
f 54/224/63 52/225/63 51/226/63
f 53/227/64 55/228/64 51/229/64
f 55/230/65 54/231/65 51/232/65
f 58/233/66 57/234/66 59/235/66 60/236/66
f 57/237/67 58/238/67 56/239/67
f 59/240/68 57/241/68 56/242/68
f 58/243/69 60/244/69 56/245/69
f 60/246/70 59/247/70 56/248/70
f 63/249/71 62/250/71 64/251/71 65/252/71
f 62/253/72 63/254/72 61/255/72
f 64/256/73 62/257/73 61/258/73
f 63/259/74 65/260/74 61/261/74
f 65/262/75 64/263/75 61/264/75
f 68/265/76 67/266/76 69/267/76 70/268/76
f 67/269/77 68/270/77 66/271/77
f 69/272/78 67/273/78 66/274/78
f 68/275/79 70/276/79 66/277/79
f 70/278/80 69/279/80 66/280/80
f 73/281/81 72/282/81 74/283/81 75/284/81
f 72/285/82 73/286/82 71/287/82
f 74/288/83 72/289/83 71/290/83
f 73/291/84 75/292/84 71/293/84
f 75/294/85 74/295/85 71/296/85
f 78/297/86 77/298/86 79/299/86 80/300/86
f 77/301/87 78/302/87 76/303/87
f 79/304/88 77/305/88 76/306/88
f 78/307/89 80/308/89 76/309/89
f 80/310/90 79/311/90 76/312/90
f 83/313/91 82/314/91 84/315/91 85/316/91
f 82/317/92 83/318/92 81/319/92
f 84/320/93 82/321/93 81/322/93
f 83/323/94 85/324/94 81/325/94
f 85/326/95 84/327/95 81/328/95
f 88/329/96 87/330/96 89/331/96 90/332/96
f 87/333/97 88/334/97 86/335/97
f 89/336/98 87/337/98 86/338/98
f 88/339/99 90/340/99 86/341/99
f 90/342/100 89/343/100 86/344/100
f 93/345/101 92/346/101 94/347/101 95/348/101
f 92/349/102 93/350/102 91/351/102
f 94/352/103 92/353/103 91/354/103
f 93/355/104 95/356/104 91/357/104
f 95/358/105 94/359/105 91/360/105
f 98/361/106 97/362/106 99/363/106 100/364/106
f 97/365/107 98/366/107 96/367/107
f 99/368/108 97/369/108 96/370/108
f 98/371/109 100/372/109 96/373/109
f 100/374/110 99/375/110 96/376/110
f 103/377/111 102/378/111 104/379/111 105/380/111
f 102/381/112 103/382/112 101/383/112
f 104/384/113 102/385/113 101/386/113
f 103/387/114 105/388/114 101/389/114
f 105/390/115 104/391/115 101/392/115
f 108/393/116 107/394/116 109/395/116 110/396/116
f 107/397/117 108/398/117 106/399/117
f 109/400/118 107/401/118 106/402/118
f 108/403/119 110/404/119 106/405/119
f 110/406/120 109/407/120 106/408/120
f 113/409/121 112/410/121 114/411/121 115/412/121
f 112/413/122 113/414/122 111/415/122
f 114/416/123 112/417/123 111/418/123
f 113/419/124 115/420/124 111/421/124
f 115/422/125 114/423/125 111/424/125
f 118/425/126 117/426/126 119/427/126 120/428/126
f 117/429/127 118/430/127 116/431/127
f 119/432/128 117/433/128 116/434/128
f 118/435/129 120/436/129 116/437/129
f 120/438/130 119/439/130 116/440/130
f 123/441/131 122/442/131 124/443/131 125/444/131
f 122/445/132 123/446/132 121/447/132
f 124/448/133 122/449/133 121/450/133
f 123/451/134 125/452/134 121/453/134
f 125/454/135 124/455/135 121/456/135
f 128/457/136 127/458/136 129/459/136 130/460/136
f 127/461/137 128/462/137 126/463/137
f 129/464/138 127/465/138 126/466/138
f 128/467/139 130/468/139 126/469/139
f 130/470/140 129/471/140 126/472/140
f 133/473/141 138/474/141 132/475/141
f 133/476/142 134/477/142 139/478/142 138/479/142
f 134/480/143 135/481/143 140/482/143 139/483/143
f 135/484/144 136/485/144 141/486/144 140/487/144
f 136/488/145 137/489/145 142/490/145 141/491/145
f 142/492/146 137/493/146 131/494/146
f 138/495/147 143/496/147 132/497/147
f 138/498/148 139/499/148 144/500/148 143/501/148
f 139/502/149 140/503/149 145/504/149 144/505/149
f 140/506/150 141/507/150 146/508/150 145/509/150
f 141/510/151 142/511/151 147/512/151 146/513/151
f 147/514/152 142/515/152 131/516/152
f 143/517/153 148/518/153 132/519/153
f 143/520/154 144/521/154 149/522/154 148/523/154
f 144/524/155 145/525/155 150/526/155 149/527/155
f 145/528/156 146/529/156 151/530/156 150/531/156
f 146/532/157 147/533/157 152/534/157 151/535/157
f 152/536/158 147/537/158 131/538/158
f 148/539/159 153/540/159 132/541/159
f 148/542/160 149/543/160 154/544/160 153/545/160
f 149/546/161 150/547/161 155/548/161 154/549/161
f 150/550/162 151/551/162 156/552/162 155/553/162
f 151/554/163 152/555/163 157/556/163 156/557/163
f 157/558/164 152/559/164 131/560/164
f 153/561/165 158/562/165 132/563/165
f 153/564/166 154/565/166 159/566/166 158/567/166
f 154/568/167 155/569/167 160/570/167 159/571/167
f 155/572/168 156/573/168 161/574/168 160/575/168
f 156/576/169 157/577/169 162/578/169 161/579/169
f 162/580/170 157/581/170 131/582/170
f 158/583/171 163/584/171 132/585/171
f 158/586/172 159/587/172 164/588/172 163/589/172
f 159/590/173 160/591/173 165/592/173 164/593/173
f 160/594/174 161/595/174 166/596/174 165/597/174
f 161/598/175 162/599/175 167/600/175 166/601/175
f 167/602/176 162/603/176 131/604/176
f 163/605/177 168/606/177 132/607/177
f 163/608/178 164/609/178 169/610/178 168/611/178
f 164/612/179 165/613/179 170/614/179 169/615/179
f 165/616/180 166/617/180 171/618/180 170/619/180
f 166/620/181 167/621/181 172/622/181 171/623/181
f 172/624/182 167/625/182 131/626/182
f 168/627/183 173/628/183 132/629/183
f 168/630/184 169/631/184 174/632/184 173/633/184
f 169/634/185 170/635/185 175/636/185 174/637/185
f 170/638/186 171/639/186 176/640/186 175/641/186
f 171/642/187 172/643/187 177/644/187 176/645/187
f 177/646/188 172/647/188 131/648/188
f 173/649/189 178/650/189 132/651/189
f 173/652/190 174/653/190 179/654/190 178/655/190
f 174/656/191 175/657/191 180/658/191 179/659/191
f 175/660/192 176/661/192 181/662/192 180/663/192
f 176/664/193 177/665/193 182/666/193 181/667/193
f 182/668/194 177/669/194 131/670/194
f 178/671/195 183/672/195 132/673/195
f 178/674/196 179/675/196 184/676/196 183/677/196
f 179/678/197 180/679/197 185/680/197 184/681/197
f 180/682/198 181/683/198 186/684/198 185/685/198
f 181/686/199 182/687/199 187/688/199 186/689/199
f 187/690/200 182/691/200 131/692/200
f 183/693/201 188/694/201 132/695/201
f 183/696/202 184/697/202 189/698/202 188/699/202
f 184/700/203 185/701/203 190/702/203 189/703/203
f 185/704/204 186/705/204 191/706/204 190/707/204
f 186/708/205 187/709/205 192/710/205 191/711/205
f 192/712/206 187/713/206 131/714/206
f 188/715/207 133/716/207 132/717/207
f 188/718/208 189/719/208 134/720/208 133/721/208
f 189/722/209 190/723/209 135/724/209 134/725/209
f 190/726/210 191/727/210 136/728/210 135/729/210
f 191/730/211 192/731/211 137/732/211 136/733/211
f 137/734/212 192/735/212 131/736/212
f 194/737/213 198/738/213 199/739/213 195/740/213
f 197/741/214 201/742/214 200/743/214 196/744/214
f 271/745/215 265/746/215 268/747/215 272/748/215
f 241/749/216 242/750/216 243/751/216 244/752/216
f 198/753/217 202/754/217 203/755/217 199/756/217
f 201/757/218 205/758/218 204/759/218 200/760/218
f 265/761/219 266/762/219 267/763/219 268/764/219
f 242/765/220 245/766/220 246/767/220 243/768/220
f 202/769/221 206/770/221 207/771/221 203/772/221
f 205/773/222 209/774/222 208/775/222 204/776/222
f 266/777/223 269/778/223 270/779/223 267/780/223
f 245/781/224 247/782/224 248/783/224 246/784/224
f 206/785/225 210/786/225 211/787/225 207/788/225
f 209/789/226 213/790/226 212/791/226 208/792/226
f 269/793/227 281/794/227 282/795/227 270/796/227
f 247/797/228 249/798/228 250/799/228 248/800/228
f 210/801/229 214/802/229 215/803/229 211/804/229
f 213/805/230 217/806/230 216/807/230 212/808/230
f 281/809/231 283/810/231 284/811/231 282/812/231
f 249/813/232 251/814/232 252/815/232 250/816/232
f 214/817/233 218/818/233 219/819/233 215/820/233
f 217/821/234 221/822/234 220/823/234 216/824/234
f 283/825/235 285/826/235 286/827/235 284/828/235
f 251/829/236 253/830/236 254/831/236 252/832/236
f 218/833/237 222/834/237 223/835/237 219/836/237
f 221/837/238 225/838/238 224/839/238 220/840/238
f 285/841/239 287/842/239 288/843/239 286/844/239
f 253/845/240 255/846/240 256/847/240 254/848/240
f 222/849/241 226/850/241 227/851/241 223/852/241
f 225/853/242 229/854/242 228/855/242 224/856/242
f 287/857/243 279/858/243 280/859/243 288/860/243
f 255/861/244 261/862/244 262/863/244 256/864/244
f 226/865/245 230/866/245 231/867/245 227/868/245
f 229/869/246 233/870/246 232/871/246 228/872/246
f 279/873/247 277/874/247 278/875/247 280/876/247
f 261/877/248 257/878/248 260/879/248 262/880/248
f 230/881/249 234/882/249 193/883/249 231/884/249
f 233/885/250 236/886/250 235/887/250 232/888/250
f 277/889/251 275/890/251 276/891/251 278/892/251
f 257/893/252 258/894/252 259/895/252 260/896/252
f 234/897/253 237/898/253 238/899/253 193/900/253
f 236/901/254 240/902/254 239/903/254 235/904/254
f 275/905/255 273/906/255 274/907/255 276/908/255
f 258/909/256 263/910/256 264/911/256 259/912/256
f 237/913/257 194/914/257 195/915/257 238/916/257
f 240/917/258 197/918/258 196/919/258 239/920/258
f 273/921/259 271/922/259 272/923/259 274/924/259
f 263/925/260 241/926/260 244/927/260 264/928/260
f 242/929/261 241/930/261 195/931/261 199/932/261
f 244/933/262 243/934/262 201/935/262 197/936/262
f 245/937/263 242/938/263 199/939/263 203/940/263
f 243/941/264 246/942/264 205/943/264 201/944/264
f 247/945/265 245/946/265 203/947/265 207/948/265
f 246/949/266 248/950/266 209/951/266 205/952/266
f 249/953/267 247/954/267 207/955/267 211/956/267
f 248/957/268 250/958/268 213/959/268 209/960/268
f 251/961/269 249/962/269 211/963/269 215/964/269
f 250/965/270 252/966/270 217/967/270 213/968/270
f 253/969/271 251/970/271 215/971/271 219/972/271
f 252/973/272 254/974/272 221/975/272 217/976/272
f 255/977/273 253/978/273 219/979/273 223/980/273
f 254/981/274 256/982/274 225/983/274 221/984/274
f 258/985/275 257/986/275 231/987/275 193/988/275
f 260/989/276 259/990/276 236/991/276 233/992/276
f 257/993/277 261/994/277 227/995/277 231/996/277
f 262/997/278 260/998/278 233/999/278 229/1000/278
f 261/1001/279 255/1002/279 223/1003/279 227/1004/279
f 256/1005/280 262/1006/280 229/1007/280 225/1008/280
f 241/1009/281 263/1010/281 238/1011/281 195/1012/281
f 264/1013/282 244/1014/282 197/1015/282 240/1016/282
f 263/1017/283 258/1018/283 193/1019/283 238/1020/283
f 259/1021/284 264/1022/284 240/1023/284 236/1024/284
f 266/1025/285 265/1026/285 200/1027/285 204/1028/285
f 268/1029/286 267/1030/286 202/1031/286 198/1032/286
f 269/1033/287 266/1034/287 204/1035/287 208/1036/287
f 267/1037/288 270/1038/288 206/1039/288 202/1040/288
f 265/1041/289 271/1042/289 196/1043/289 200/1044/289
f 272/1045/290 268/1046/290 198/1047/290 194/1048/290
f 271/1049/291 273/1050/291 239/1051/291 196/1052/291
f 274/1053/292 272/1054/292 194/1055/292 237/1056/292
f 273/1057/293 275/1058/293 235/1059/293 239/1060/293
f 276/1061/294 274/1062/294 237/1063/294 234/1064/294
f 275/1065/295 277/1066/295 232/1067/295 235/1068/295
f 278/1069/296 276/1070/296 234/1071/296 230/1072/296
f 277/1073/297 279/1074/297 228/1075/297 232/1076/297
f 280/1077/298 278/1078/298 230/1079/298 226/1080/298
f 281/1081/299 269/1082/299 208/1083/299 212/1084/299
f 270/1085/300 282/1086/300 210/1087/300 206/1088/300
f 283/1089/301 281/1090/301 212/1091/301 216/1092/301
f 282/1093/302 284/1094/302 214/1095/302 210/1096/302
f 285/1097/303 283/1098/303 216/1099/303 220/1100/303
f 284/1101/304 286/1102/304 218/1103/304 214/1104/304
f 287/1105/305 285/1106/305 220/1107/305 224/1108/305
f 286/1109/306 288/1110/306 222/1111/306 218/1112/306
f 279/1113/307 287/1114/307 224/1115/307 228/1116/307
f 288/1117/308 280/1118/308 226/1119/308 222/1120/308
f 293/1121/309 291/1122/309 289/1123/309
f 291/1124/310 293/1125/310 294/1126/310 292/1127/310
f 292/1128/311 294/1129/311 290/1130/311
f 295/1131/312 293/1132/312 289/1133/312
f 293/1134/313 295/1135/313 296/1136/313 294/1137/313
f 294/1138/314 296/1139/314 290/1140/314
f 297/1141/315 295/1142/315 289/1143/315
f 295/1144/316 297/1145/316 298/1146/316 296/1147/316
f 296/1148/317 298/1149/317 290/1150/317
f 299/1151/318 297/1152/318 289/1153/318
f 297/1154/319 299/1155/319 300/1156/319 298/1157/319
f 298/1158/320 300/1159/320 290/1160/320
f 301/1161/321 299/1162/321 289/1163/321
f 299/1164/322 301/1165/322 302/1166/322 300/1167/322
f 300/1168/323 302/1169/323 290/1170/323
f 303/1171/324 301/1172/324 289/1173/324
f 301/1174/325 303/1175/325 304/1176/325 302/1177/325
f 302/1178/326 304/1179/326 290/1180/326
f 305/1181/327 303/1182/327 289/1183/327
f 303/1184/328 305/1185/328 306/1186/328 304/1187/328
f 304/1188/329 306/1189/329 290/1190/329
f 307/1191/330 305/1192/330 289/1193/330
f 305/1194/331 307/1195/331 308/1196/331 306/1197/331
f 306/1198/332 308/1199/332 290/1200/332
f 309/1201/333 307/1202/333 289/1203/333
f 307/1204/334 309/1205/334 310/1206/334 308/1207/334
f 308/1208/335 310/1209/335 290/1210/335
f 311/1211/336 309/1212/336 289/1213/336
f 309/1214/337 311/1215/337 312/1216/337 310/1217/337
f 310/1218/338 312/1219/338 290/1220/338
f 313/1221/339 311/1222/339 289/1223/339
f 311/1224/340 313/1225/340 314/1226/340 312/1227/340
f 312/1228/341 314/1229/341 290/1230/341
f 291/1231/342 313/1232/342 289/1233/342
f 313/1234/343 291/1235/343 292/1236/343 314/1237/343
f 314/1238/344 292/1239/344 290/1240/344
f 319/1241/345 317/1242/345 315/1243/345
f 317/1244/346 319/1245/346 320/1246/346 318/1247/346
f 318/1248/347 320/1249/347 316/1250/347
f 321/1251/348 319/1252/348 315/1253/348
f 319/1254/349 321/1255/349 322/1256/349 320/1257/349
f 320/1258/350 322/1259/350 316/1260/350
f 323/1261/351 321/1262/351 315/1263/351
f 321/1264/352 323/1265/352 324/1266/352 322/1267/352
f 322/1268/353 324/1269/353 316/1270/353
f 325/1271/354 323/1272/354 315/1273/354
f 323/1274/355 325/1275/355 326/1276/355 324/1277/355
f 324/1278/356 326/1279/356 316/1280/356
f 327/1281/357 325/1282/357 315/1283/357
f 325/1284/358 327/1285/358 328/1286/358 326/1287/358
f 326/1288/359 328/1289/359 316/1290/359
f 329/1291/360 327/1292/360 315/1293/360
f 327/1294/361 329/1295/361 330/1296/361 328/1297/361
f 328/1298/362 330/1299/362 316/1300/362
f 331/1301/363 329/1302/363 315/1303/363
f 329/1304/364 331/1305/364 332/1306/364 330/1307/364
f 330/1308/365 332/1309/365 316/1310/365
f 333/1311/366 331/1312/366 315/1313/366
f 331/1314/367 333/1315/367 334/1316/367 332/1317/367
f 332/1318/368 334/1319/368 316/1320/368
f 335/1321/369 333/1322/369 315/1323/369
f 333/1324/370 335/1325/370 336/1326/370 334/1327/370
f 334/1328/371 336/1329/371 316/1330/371
f 337/1331/372 335/1332/372 315/1333/372
f 335/1334/373 337/1335/373 338/1336/373 336/1337/373
f 336/1338/374 338/1339/374 316/1340/374
f 339/1341/375 337/1342/375 315/1343/375
f 337/1344/376 339/1345/376 340/1346/376 338/1347/376
f 338/1348/377 340/1349/377 316/1350/377
f 317/1351/378 339/1352/378 315/1353/378
f 339/1354/379 317/1355/379 318/1356/379 340/1357/379
f 340/1358/380 318/1359/380 316/1360/380
f 345/1361/381 343/1362/381 341/1363/381
f 343/1364/382 345/1365/382 346/1366/382 344/1367/382
f 344/1368/383 346/1369/383 342/1370/383
f 347/1371/384 345/1372/384 341/1373/384
f 345/1374/385 347/1375/385 348/1376/385 346/1377/385
f 346/1378/386 348/1379/386 342/1380/386
f 349/1381/387 347/1382/387 341/1383/387
f 347/1384/388 349/1385/388 350/1386/388 348/1387/388
f 348/1388/389 350/1389/389 342/1390/389
f 351/1391/390 349/1392/390 341/1393/390
f 349/1394/391 351/1395/391 352/1396/391 350/1397/391
f 350/1398/392 352/1399/392 342/1400/392
f 353/1401/393 351/1402/393 341/1403/393
f 351/1404/394 353/1405/394 354/1406/394 352/1407/394
f 352/1408/395 354/1409/395 342/1410/395
f 355/1411/396 353/1412/396 341/1413/396
f 353/1414/397 355/1415/397 356/1416/397 354/1417/397
f 354/1418/398 356/1419/398 342/1420/398
f 357/1421/399 355/1422/399 341/1423/399
f 355/1424/400 357/1425/400 358/1426/400 356/1427/400
f 356/1428/401 358/1429/401 342/1430/401
f 359/1431/402 357/1432/402 341/1433/402
f 357/1434/403 359/1435/403 360/1436/403 358/1437/403
f 358/1438/404 360/1439/404 342/1440/404
f 361/1441/405 359/1442/405 341/1443/405
f 359/1444/406 361/1445/406 362/1446/406 360/1447/406
f 360/1448/407 362/1449/407 342/1450/407
f 363/1451/408 361/1452/408 341/1453/408
f 361/1454/409 363/1455/409 364/1456/409 362/1457/409
f 362/1458/410 364/1459/410 342/1460/410
f 365/1461/411 363/1462/411 341/1463/411
f 363/1464/412 365/1465/412 366/1466/412 364/1467/412
f 364/1468/413 366/1469/413 342/1470/413
f 343/1471/414 365/1472/414 341/1473/414
f 365/1474/415 343/1475/415 344/1476/415 366/1477/415
f 366/1478/416 344/1479/416 342/1480/416
f 371/1481/417 369/1482/417 367/1483/417
f 369/1484/418 371/1485/418 372/1486/418 370/1487/418
f 370/1488/419 372/1489/419 368/1490/419
f 373/1491/420 371/1492/420 367/1493/420
f 371/1494/421 373/1495/421 374/1496/421 372/1497/421
f 372/1498/422 374/1499/422 368/1500/422
f 375/1501/423 373/1502/423 367/1503/423
f 373/1504/424 375/1505/424 376/1506/424 374/1507/424
f 374/1508/425 376/1509/425 368/1510/425
f 377/1511/426 375/1512/426 367/1513/426
f 375/1514/427 377/1515/427 378/1516/427 376/1517/427
f 376/1518/428 378/1519/428 368/1520/428
f 379/1521/429 377/1522/429 367/1523/429
f 377/1524/430 379/1525/430 380/1526/430 378/1527/430
f 378/1528/431 380/1529/431 368/1530/431
f 381/1531/432 379/1532/432 367/1533/432
f 379/1534/433 381/1535/433 382/1536/433 380/1537/433
f 380/1538/434 382/1539/434 368/1540/434
f 383/1541/435 381/1542/435 367/1543/435
f 381/1544/436 383/1545/436 384/1546/436 382/1547/436
f 382/1548/437 384/1549/437 368/1550/437
f 385/1551/438 383/1552/438 367/1553/438
f 383/1554/439 385/1555/439 386/1556/439 384/1557/439
f 384/1558/440 386/1559/440 368/1560/440
f 387/1561/441 385/1562/441 367/1563/441
f 385/1564/442 387/1565/442 388/1566/442 386/1567/442
f 386/1568/443 388/1569/443 368/1570/443
f 389/1571/444 387/1572/444 367/1573/444
f 387/1574/445 389/1575/445 390/1576/445 388/1577/445
f 388/1578/446 390/1579/446 368/1580/446
f 391/1581/447 389/1582/447 367/1583/447
f 389/1584/448 391/1585/448 392/1586/448 390/1587/448
f 390/1588/449 392/1589/449 368/1590/449
f 369/1591/450 391/1592/450 367/1593/450
f 391/1594/451 369/1595/451 370/1596/451 392/1597/451
f 392/1598/452 370/1599/452 368/1600/452
f 397/1601/453 395/1602/453 393/1603/453
f 395/1604/454 397/1605/454 398/1606/454 396/1607/454
f 396/1608/455 398/1609/455 394/1610/455
f 399/1611/456 397/1612/456 393/1613/456
f 397/1614/457 399/1615/457 400/1616/457 398/1617/457
f 398/1618/458 400/1619/458 394/1620/458
f 401/1621/459 399/1622/459 393/1623/459
f 399/1624/460 401/1625/460 402/1626/460 400/1627/460
f 400/1628/461 402/1629/461 394/1630/461
f 403/1631/462 401/1632/462 393/1633/462
f 401/1634/463 403/1635/463 404/1636/463 402/1637/463
f 402/1638/464 404/1639/464 394/1640/464
f 405/1641/465 403/1642/465 393/1643/465
f 403/1644/466 405/1645/466 406/1646/466 404/1647/466
f 404/1648/467 406/1649/467 394/1650/467
f 407/1651/468 405/1652/468 393/1653/468
f 405/1654/469 407/1655/469 408/1656/469 406/1657/469
f 406/1658/470 408/1659/470 394/1660/470
f 409/1661/471 407/1662/471 393/1663/471
f 407/1664/472 409/1665/472 410/1666/472 408/1667/472
f 408/1668/473 410/1669/473 394/1670/473
f 411/1671/474 409/1672/474 393/1673/474
f 409/1674/475 411/1675/475 412/1676/475 410/1677/475
f 410/1678/476 412/1679/476 394/1680/476
f 413/1681/477 411/1682/477 393/1683/477
f 411/1684/478 413/1685/478 414/1686/478 412/1687/478
f 412/1688/479 414/1689/479 394/1690/479
f 415/1691/480 413/1692/480 393/1693/480
f 413/1694/481 415/1695/481 416/1696/481 414/1697/481
f 414/1698/482 416/1699/482 394/1700/482
f 417/1701/483 415/1702/483 393/1703/483
f 415/1704/484 417/1705/484 418/1706/484 416/1707/484
f 416/1708/485 418/1709/485 394/1710/485
f 395/1711/486 417/1712/486 393/1713/486
f 417/1714/487 395/1715/487 396/1716/487 418/1717/487
f 418/1718/488 396/1719/488 394/1720/488