# Made in Blockbench 5.1.6
mtllib scythe.mtl

o cylinder
v 1.638718375146108 3.989036987865429 0.046875
v 1.4290834427383818 3.4501126292218363 0
v 1.4649600145226092 3.5367263353947695 0
v 1.44842370590209 3.4421016299195637 0.078125
v 1.4843002776863172 3.528715336092497 0.078125
v 1.4819212680521179 3.4282264853705864 0.05719125
v 1.5177978398363452 3.5148401915435197 0.05719125
v 1.5012615312158262 3.420215486068314 0.02093375
v 1.5371381030000535 3.506829192241247 0.02093375
v 1.5012615312158262 3.420215486068314 -0.02093375
v 1.5371381030000535 3.506829192241247 -0.02093375
v 1.4819212680521179 3.4282264853705864 -0.05719125
v 1.5177978398363452 3.5148401915435197 -0.05719125
v 1.44842370590209 3.4421016299195637 -0.078125
v 1.4843002776863172 3.528715336092497 -0.078125
v 1.4097431795746738 3.458123628524109 -0.078125
v 1.445619751358901 3.544737334697042 -0.078125
v 1.3762456174246458 3.471998773073086 -0.05719125
v 1.4121221892088731 3.5586124792460194 -0.05719125
v 1.3569053542609375 3.4800097723753587 -0.02093375
v 1.3927819260451648 3.566623478548292 -0.02093375
v 1.3569053542609375 3.4800097723753587 0.02093375
v 1.3927819260451648 3.566623478548292 0.02093375
v 1.3762456174246458 3.471998773073086 0.05719125
v 1.4121221892088731 3.5586124792460194 0.05719125
v 1.4097431795746738 3.458123628524109 0.078125
v 1.445619751358901 3.544737334697042 0.078125
v 1.2198034406637233 2.944866009879726 0
v 1.530733729460359 3.695518130045147 0
v 1.2352755357097485 2.9384572582733375 0.0625
v 1.5462058245063839 3.689109378438758 0.0625
v 1.2620738163996539 2.9273570469632975 0.045753125
v 1.5730041051962893 3.6780091671287174 0.045753125
v 1.2775459114456786 2.9209482953569084 0.016746875
v 1.588476200242314 3.6716004155223283 0.016746875
v 1.2775459114456786 2.9209482953569084 -0.016746875
v 1.588476200242314 3.6716004155223283 -0.016746875
v 1.2620738163996539 2.9273570469632975 -0.045753125
v 1.5730041051962893 3.6780091671287174 -0.045753125
v 1.2352755357097485 2.9384572582733375 -0.0625
v 1.5462058245063839 3.689109378438758 -0.0625
v 1.2043313456176983 2.9512747614861157 -0.0625
v 1.5152616344143337 3.7019268816515356 -0.0625
v 1.1775330649277929 2.9623749727961557 -0.045753125
v 1.4884633537244283 3.713027092961576 -0.045753125
v 1.162060969881768 2.968783724402545 -0.016746875
v 1.4729912586784035 3.719435844567965 -0.016746875
v 1.162060969881768 2.968783724402545 0.016746875
v 1.4729912586784035 3.719435844567965 0.016746875
v 1.1775330649277929 2.9623749727961557 0.045753125
v 1.4884633537244283 3.713027092961576 0.045753125
v 1.2043313456176983 2.9512747614861157 0.0625
v 1.5152616344143337 3.7019268816515356 0.0625
v 0.13917124999999997 -0.06249999999999999 0.046875
v 0.13917124999999997 -0.06249999999999999 -0.046875
v -0.08975312499999999 -0.0625 0.03125
v -0.08975312499999999 -0.0625 -0.03125
v 0.42866187499999997 -0.69070375 0.010416875
v 0.42866187499999997 -0.69070375 -0.010416875
v 0.21523374999999997 -0.48069937500000004 0.03125
v 0.21523374999999997 -0.48069937500000004 -0.03125
v -0.08975312499999999 -0.29285062500000003 0.0625
v -0.140625 -0.24166187500000003 0.020833125
v -0.08975312499999999 -0.29285062500000003 -0.0625
v -0.140625 -0.24166187500000003 -0.020833125
v 0.41787812499999993 -0.20327 0
v 0.5312499999999999 -0.100891875 0.015625
v 0.5312499999999999 -0.100891875 -0.015625
v 0.3542874999999999 -0.318445625 0
v 0.3542875 -0.2160675 -0.046875
v 0.12536312500000002 -0.318445625 -0.0625
v 0.125363125 -0.21606749999999997 -0.0625
v 0.3542874999999999 -0.318445625 0
v 0.3542875 -0.2160675 0.046875
v 0.12536312500000002 -0.318445625 0.0625
v 0.125363125 -0.21606749999999997 0.0625
v -0.11958857261409052 -0.2887123539097771 0
v 1.6503223020744497 3.984230483954924 0
v -0.10798464568574877 -0.29351885782028264 0.046875
v 1.661926229002791 3.9794239800444178 0.046875
v -0.08788564645596572 -0.30184413589138515 0.034315
v 1.6820252282325743 3.971098701973316 0.034315
v -0.07628171952762396 -0.3066506398018907 0.01256
v 1.6936291551609164 3.9662921980628103 0.01256
v -0.07628171952762396 -0.3066506398018907 -0.01256
v 1.6936291551609164 3.9662921980628103 -0.01256
v -0.08788564645596572 -0.30184413589138515 -0.034315
v 1.6820252282325743 3.971098701973316 -0.034315
v -0.10798464568574877 -0.29351885782028264 -0.046875
v 1.661926229002791 3.9794239800444178 -0.046875
v -0.13119249954243228 -0.2839058499992716 -0.046875
v 1.638718375146108 3.989036987865429 -0.046875
v -0.15129149877221534 -0.27558057192816915 -0.034315
v 1.6186193759163243 3.9973622659365313 -0.034315
v -0.16289542570055707 -0.27077406801766346 -0.01256
v 1.6070154489879827 4.002168769847038 -0.01256
v -0.16289542570055707 -0.27077406801766346 0.01256
v 1.6070154489879827 4.002168769847038 0.01256
v -0.15129149877221534 -0.27558057192816915 0.034315
v 1.6186193759163243 3.9973622659365313 0.034315
v -0.13119249954243228 -0.2839058499992716 0.046875
v 0.113609143983386 0.2742767362142883 0
v 0.14948571576761321 0.3608904423872214 0
v 0.16002542912146087 0.25505048139512093 0.078125
v 0.19590200090568805 0.34166418756805406 0.078125
v 0.24042027119117737 0.22174984746500132 0.05719125
v 0.2762968429754046 0.30836355363793444 0.05719125
v 0.2868365563292522 0.20252359264583397 0.02093375
v 0.3227131281134794 0.28913729881876704 0.02093375
v 0.2868365563292522 0.20252359264583397 -0.02093375
v 0.3227131281134794 0.28913729881876704 -0.02093375
v 0.24042027119117737 0.22174984746500132 -0.05719125
v 0.2762968429754046 0.30836355363793444 -0.05719125
v 0.16002542912146087 0.25505048139512093 -0.078125
v 0.19590200090568805 0.34166418756805406 -0.078125
v 0.06719285884531113 0.2935029910334556 -0.078125
v 0.10306943062953833 0.38011669720638874 -0.078125
v -0.013201983224405384 0.32680362496357523 -0.05719125
v 0.022674588559821823 0.41341733113650836 -0.05719125
v -0.05961826836248024 0.3460298797827426 -0.02093375
v -0.023741696578253063 0.43264358595567576 -0.02093375
v -0.05961826836248024 0.3460298797827426 0.02093375
v -0.023741696578253063 0.43264358595567576 0.02093375
v -0.013201983224405384 0.32680362496357523 0.05719125
v 0.022674588559821823 0.41341733113650836 0.05719125
v 0.06719285884531113 0.2935029910334556 0.078125
v 0.10306943062953833 0.38011669720638874 0.078125
v -0.02989714315352263 -0.07217808847744428 0
v 0.005979428630704527 0.014435617695488855 0
v -0.002821121179155915 -0.08339334399433893 0.078125
v 0.03305545060507124 0.0032203621785942185 0.078125
v 0.044076158740532646 -0.10281883337548134 0.05719125
v 0.0799527305247598 -0.0162051272025482 0.05719125
v 0.07115218071489934 -0.11403408889237596 0.02093375
v 0.10702875249912651 -0.027420382719442842 0.02093375
v 0.07115218071489934 -0.11403408889237596 -0.02093375
v 0.10702875249912651 -0.027420382719442842 -0.02093375
v 0.044076158740532646 -0.10281883337548134 -0.05719125
v 0.0799527305247598 -0.0162051272025482 -0.05719125
v -0.002821121179155915 -0.08339334399433893 -0.078125
v 0.03305545060507124 0.0032203621785942185 -0.078125
v -0.05697316512788934 -0.06096283296054965 -0.078125
v -0.021096593343662186 0.02565087321238349 -0.078125
v -0.10387044504757792 -0.04153734357940723 -0.05719125
v -0.06799387326335075 0.045076362593525904 -0.05719125
v -0.13094646702194462 -0.03032208806251259 -0.02093375
v -0.09506989523771744 0.056291618110420535 -0.02093375
v -0.13094646702194462 -0.03032208806251259 0.02093375
v -0.09506989523771744 0.056291618110420535 0.02093375
v -0.10387044504757792 -0.04153734357940723 0.05719125
v -0.06799387326335075 0.045076362593525904 0.05719125
v -0.05697316512788934 -0.06096283296054965 0.078125
v -0.021096593343662186 0.02565087321238349 0.078125
v 0.05756420196476078 0.11527326295442596 0.03125
v 0.05756420196476078 0.11527326295442596 -0.03125
v -0.698258456637217 0.026765233692454093 0
v -0.1896743802456488 -0.2780375504827163 0.03125
v -0.1896743802456488 -0.2780375504827163 -0.03125
v -0.7388408842506113 -0.15629026764253345 0.09375
v -0.7388408842506113 -0.15629026764253345 -0.09375
v -2.5016136592199243 0.266515782842776 0
v -2.6067413152710026 0.36984386014128356 0
v -0.1371467669763362 -0.2576739071635669 0.03125
v 0.09656433936294194 0.07461840582857945 0.03125
v -0.1371467669763362 -0.2576739071635669 -0.03125
v 0.09656433936294194 0.07461840582857945 -0.03125
v -0.36596614364507063 -0.20694587264682404 -0.046875
v -0.3524386677739391 -0.14592737220182828 -0.046875
v -0.7320771463150455 -0.1257810174200355 -0.109375
v -0.7185496704439142 -0.06476251697503968 -0.046875
v -0.36596614364507063 -0.20694587264682404 0.046875
v -0.3524386677739391 -0.14592737220182828 0.046875
v -0.7320771463150455 -0.1257810174200355 0.109375
v -0.7185496704439142 -0.06476251697503968 0.046875
v -2.83732405593608 0.5569999460392082 0
v 1.975688208566574 4.7289031754896405 0.01171875
v 1.975688208566574 4.7289031754896405 -0.01171875
v 1.9468169731755955 4.740862032751048 0.01171875
v 1.9468169731755955 4.740862032751048 -0.01171875
v 1.6936291551609164 3.9662921980628103 0.046258125
v 1.6936291551609164 3.9662921980628103 -0.046258125
v 1.6070154489879827 4.002168769847038 0.043799375
v 1.6070154489879827 4.002168769847038 -0.043799375
v 1.6259796426426412 4.129612568672358 0.07421875
v 1.7360861184294025 4.3546030231694735 0.05859375
v 1.6259796426426412 4.129612568672358 -0.07421875
v 1.7360861184294025 4.3546030231694735 -0.05859375
v 1.7703358195975296 4.069818282365311 0.07421875
v 1.8515710599933135 4.306767594123839 0.05859375
v 1.7703358195975296 4.069818282365311 -0.07421875
v 1.8515710599933135 4.306767594123839 -0.05859375
v 1.7559002019020409 4.075797710996017 -0.09375
v 1.837135442297825 4.312747022754543 -0.078125
v 1.6404152603381301 4.123633140041652 -0.09375
v 1.7505217361248915 4.34862359453877 -0.078125
v 1.7559002019020409 4.075797710996017 0.09375
v 1.837135442297825 4.312747022754543 0.078125
v 1.6404152603381301 4.123633140041652 0.09375
v 1.7505217361248915 4.34862359453877 0.078125
v 1.4769188717840183 3.5655975707857475 0
v 1.5127954435682451 3.65221127695868 0
v 1.496259134947726 3.557586571483475 0.078125
v 1.5321357067319532 3.6442002776564073 0.078125
v 1.5297566970977545 3.5437114269344976 0.05719125
v 1.5656332688819814 3.6303251331074304 0.05719125
v 1.5490969602614626 3.535700427632225 0.02093375
v 1.5849735320456897 3.622314133805158 0.02093375
v 1.5490969602614626 3.535700427632225 -0.02093375
v 1.5849735320456897 3.622314133805158 -0.02093375
v 1.5297566970977545 3.5437114269344976 -0.05719125
v 1.5656332688819814 3.6303251331074304 -0.05719125
v 1.496259134947726 3.557586571483475 -0.078125
v 1.5321357067319532 3.6442002776564073 -0.078125
v 1.4575786086203104 3.57360857008802 -0.078125
v 1.4934551804045373 3.6602222762609524 -0.078125
v 1.4240810464702822 3.5874837146369973 -0.05719125
v 1.459957618254509 3.6740974208099297 -0.05719125
v 1.4047407833065737 3.5954947139392694 -0.02093375
v 1.4406173550908006 3.682108420112202 -0.02093375
v 1.4047407833065737 3.5954947139392694 0.02093375
v 1.4406173550908006 3.682108420112202 0.02093375
v 1.4240810464702822 3.5874837146369973 0.05719125
v 1.459957618254509 3.6740974208099297 0.05719125
v 1.4575786086203104 3.57360857008802 0.078125
v 1.4934551804045373 3.6602222762609524 0.078125
v 1.3812480136927454 3.334627687657925 0
v 1.417124585476973 3.421241393830859 0
v 1.4005882768564537 3.326616688355653 0.078125
v 1.436464848640681 3.4132303945285862 0.078125
v 1.4340858390064817 3.312741543806675 0.05719125
v 1.4699624107907092 3.399355249979609 0.05719125
v 1.45342610217019 3.304730544504403 0.02093375
v 1.4893026739544173 3.3913442506773364 0.02093375
v 1.45342610217019 3.304730544504403 -0.02093375
v 1.4893026739544173 3.3913442506773364 -0.02093375
v 1.4340858390064817 3.312741543806675 -0.05719125
v 1.4699624107907092 3.399355249979609 -0.05719125
v 1.4005882768564537 3.326616688355653 -0.078125
v 1.436464848640681 3.4132303945285862 -0.078125
v 1.3619077505290376 3.3426386869601976 -0.078125
v 1.3977843223132649 3.4292523931331313 -0.078125
v 1.3284101883790096 3.3565138315091754 -0.05719125
v 1.3642867601632367 3.443127537682108 -0.05719125
v 1.309069925215301 3.364524830811447 -0.02093375
v 1.3449464969995286 3.451138536984381 -0.02093375
v 1.309069925215301 3.364524830811447 0.02093375
v 1.3449464969995286 3.451138536984381 0.02093375
v 1.3284101883790096 3.3565138315091754 0.05719125
v 1.3642867601632367 3.443127537682108 0.05719125
v 1.3619077505290376 3.3426386869601976 0.078125
v 1.3977843223132649 3.4292523931331313 0.078125
v 1.3334125846471094 3.2191427460940143 0
v 1.369289156431337 3.305756452266948 0
v 1.3527528478108173 3.211131746791742 0.078125
v 1.3886294195950448 3.2977454529646755 0.078125
v 1.3862504099608455 3.197256602242765 0.05719125
v 1.4221269817450728 3.283870308415698 0.05719125
v 1.4055906731245535 3.1892456029404923 0.02093375
v 1.441467244908781 3.2758593091134256 0.02093375
v 1.4055906731245535 3.1892456029404923 -0.02093375
v 1.441467244908781 3.2758593091134256 -0.02093375
v 1.3862504099608455 3.197256602242765 -0.05719125
v 1.4221269817450728 3.283870308415698 -0.05719125
v 1.3527528478108173 3.211131746791742 -0.078125
v 1.3886294195950448 3.2977454529646755 -0.078125
v 1.3140723214834014 3.227153745396287 -0.078125
v 1.3499488932676287 3.3137674515692206 -0.078125
v 1.2805747593333732 3.2410288899452646 -0.05719125
v 1.3164513311176007 3.327642596118198 -0.05719125
v 1.2612344961696649 3.2490398892475363 -0.02093375
v 1.2971110679538922 3.33565359542047 -0.02093375
v 1.2612344961696649 3.2490398892475363 0.02093375
v 1.2971110679538922 3.33565359542047 0.02093375
v 1.2805747593333732 3.2410288899452646 0.05719125
v 1.3164513311176007 3.327642596118198 0.05719125
v 1.3140723214834014 3.227153745396287 0.078125
v 1.3499488932676287 3.3137674515692206 0.078125
v 1.2855771556014732 3.1036578045301035 0
v 1.3214537273857003 3.190271510703037 0
v 1.304917418765181 3.0956468052278314 0.078125
v 1.3407939905494086 3.1822605114007643 0.078125
v 1.3384149809152093 3.081771660678854 0.05719125
v 1.3742915526994368 3.168385366851787 0.05719125
v 1.3577552440789173 3.0737606613765815 0.02093375
v 1.3936318158631449 3.1603743675495144 0.02093375
v 1.3577552440789173 3.0737606613765815 -0.02093375
v 1.3936318158631449 3.1603743675495144 -0.02093375
v 1.3384149809152093 3.081771660678854 -0.05719125
v 1.3742915526994368 3.168385366851787 -0.05719125
v 1.304917418765181 3.0956468052278314 -0.078125
v 1.3407939905494086 3.1822605114007643 -0.078125
v 1.2662368924377652 3.111668803832376 -0.078125
v 1.3021134642219925 3.1982825100053094 -0.078125
v 1.2327393302877372 3.125543948381354 -0.05719125
v 1.2686159020719643 3.2121576545542867 -0.05719125
v 1.213399067124029 3.133554947683626 -0.02093375
v 1.249275638908256 3.220168653856559 -0.02093375
v 1.213399067124029 3.133554947683626 0.02093375
v 1.249275638908256 3.220168653856559 0.02093375
v 1.2327393302877372 3.125543948381354 0.05719125
v 1.2686159020719643 3.2121576545542867 0.05719125
v 1.2662368924377652 3.111668803832376 0.078125
v 1.3021134642219925 3.1982825100053094 0.078125
v 1.2377417265558368 2.988172862966193 0
v 1.2736182983400643 3.0747865691391256 0
v 1.2570819897195449 2.9801618636639207 0.078125
v 1.2929585615037722 3.066775569836853 0.078125
v 1.2905795518695728 2.9662867191149433 0.05719125
v 1.3264561236538004 3.052900425287876 0.05719125
v 1.3099198150332814 2.958275719812671 0.02093375
v 1.3457963868175087 3.0448894259856036 0.02093375
v 1.3099198150332814 2.958275719812671 -0.02093375
v 1.3457963868175087 3.0448894259856036 -0.02093375
v 1.2905795518695728 2.9662867191149433 -0.05719125
v 1.3264561236538004 3.052900425287876 -0.05719125
v 1.2570819897195449 2.9801618636639207 -0.078125
v 1.2929585615037722 3.066775569836853 -0.078125
v 1.218401463392129 2.996183862268466 -0.078125
v 1.2542780351763563 3.082797568441398 -0.078125
v 1.184903901242101 3.010059006817443 -0.05719125
v 1.220780473026328 3.0966727129903755 -0.05719125
v 1.1655636380783923 3.0180700061197157 -0.02093375
v 1.20144020986262 3.104683712292648 -0.02093375
v 1.1655636380783923 3.0180700061197157 0.02093375
v 1.20144020986262 3.104683712292648 0.02093375
v 1.184903901242101 3.010059006817443 0.05719125
v 1.220780473026328 3.0966727129903755 0.05719125
v 1.218401463392129 2.996183862268466 0.078125
v 1.2542780351763563 3.082797568441398 0.078125
v -0.09567085809127243 -0.23096988312782168 0
v 0.21525943070536294 0.5196822370375986 0
v -0.08019876304524745 -0.23737863473421078 0.0625
v 0.2307315257513879 0.5132734854312095 0.0625
v -0.05340048235534196 -0.2484788460442507 0.045753125
v 0.2575298064412934 0.5021732741211696 0.045753125
v -0.037928387309317003 -0.2548875976506398 0.016746875
v 0.27300190148731834 0.49576452251478054 0.016746875
v -0.037928387309317003 -0.2548875976506398 -0.016746875
v 0.27300190148731834 0.49576452251478054 -0.016746875
v -0.05340048235534196 -0.2484788460442507 -0.045753125
v 0.2575298064412934 0.5021732741211696 -0.045753125
v -0.08019876304524745 -0.23737863473421078 -0.0625
v 0.2307315257513879 0.5132734854312095 -0.0625
v -0.1111429531372974 -0.22456113152143256 -0.0625
v 0.199787335659338 0.5260909886439877 -0.0625
v -0.1379412338272029 -0.21346092021139265 -0.045753125
v 0.1729890549694325 0.5371911999540278 -0.045753125
v -0.15341332887322784 -0.20705216860500358 -0.016746875
v 0.15751695992340753 0.5435999515604167 -0.016746875
v -0.15341332887322784 -0.20705216860500358 0.016746875
v 0.15751695992340753 0.5435999515604167 0.016746875
v -0.1379412338272029 -0.21346092021139265 0.045753125
v 0.1729890549694325 0.5371911999540278 0.045753125
v -0.1111429531372974 -0.22456113152143256 0.0625
v 0.199787335659338 0.5260909886439877 0.0625
v 0.06577371493774979 0.15879179465037738 0
v 0.10165028672197696 0.24540550082331053 0
v 0.10832183195814146 0.14116778752709366 0.078125
v 0.14419840374236864 0.2277814937000268 0.078125
v 0.1820173925677355 0.11064208683591137 0.05719125
v 0.21789396435196268 0.1972557930088445 0.05719125
v 0.2245655095881272 0.09301807971262761 0.02093375
v 0.26044208137235436 0.17963178588556072 0.02093375
v 0.2245655095881272 0.09301807971262761 -0.02093375
v 0.26044208137235436 0.17963178588556072 -0.02093375
v 0.1820173925677355 0.11064208683591137 -0.05719125
v 0.21789396435196268 0.1972557930088445 -0.05719125
v 0.10832183195814146 0.14116778752709366 -0.078125
v 0.14419840374236864 0.2277814937000268 -0.078125
v 0.023225597917358128 0.17641580177366112 -0.078125
v 0.059102169701585286 0.2630295079465943 -0.078125
v -0.05046996269223594 0.2069415024648434 -0.05719125
v -0.014593390908008763 0.2935552086377765 -0.05719125
v -0.09301807971262761 0.2245655095881272 -0.02093375
v -0.05714150792840042 0.31117921576106033 -0.02093375
v -0.09301807971262761 0.2245655095881272 0.02093375
v -0.05714150792840042 0.31117921576106033 0.02093375
v -0.05046996269223594 0.2069415024648434 0.05719125
v -0.014593390908008763 0.2935552086377765 0.05719125
v 0.023225597917358128 0.17641580177366112 0.078125
v 0.059102169701585286 0.2630295079465943 0.078125
v 0.017938285892113583 0.04330685308646656 0
v 0.053814857676340734 0.12992055925939966 0
v 0.05275064410184669 0.028887102177804755 0.078125
v 0.08862721588607386 0.11550080835073788 0.078125
v 0.11304648694178017 0.003911746318787629 0.05719125
v 0.1489230587260073 0.09052545249172073 0.05719125
v 0.14785884515151324 -0.010508004589874179 0.02093375
v 0.1837354169357404 0.07610570158305893 0.02093375
v 0.14785884515151324 -0.010508004589874179 -0.02093375
v 0.1837354169357404 0.07610570158305893 -0.02093375
v 0.11304648694178017 0.003911746318787629 -0.05719125
v 0.1489230587260073 0.09052545249172073 -0.05719125
v 0.05275064410184669 0.028887102177804755 -0.078125
v 0.08862721588607386 0.11550080835073788 -0.078125
v -0.01687407231761952 0.05772660399512837 -0.078125
v 0.019002499466607627 0.14434031016806148 -0.078125
v -0.07716991515755298 0.0827019598541455 -0.05719125
v -0.04129334337332586 0.1693156660270786 -0.05719125
v -0.11198227336728608 0.09712171076280729 -0.02093375
v -0.07610570158305893 0.1837354169357404 -0.02093375
v -0.11198227336728608 0.09712171076280729 0.02093375
v -0.07610570158305893 0.1837354169357404 0.02093375
v -0.07716991515755298 0.0827019598541455 0.05719125
v -0.04129334337332586 0.1693156660270786 0.05719125
v -0.01687407231761952 0.05772660399512837 0.078125
v 0.019002499466607627 0.14434031016806148 0.078125
v -0.07773257219915886 -0.18766303004135512 0
v -0.041856000414931684 -0.10104932386842197 0
v -0.05452471834247534 -0.19727603786236614 0.078125
v -0.018648146558248167 -0.11066233168943304 0.078125
v -0.014326719882909247 -0.2139265940045712 0.05719125
v 0.021549851901317918 -0.12731288783163805 0.05719125
v 0.008881133973774269 -0.2235396018255823 0.02093375
v 0.044757705758001434 -0.13692589565264915 0.02093375
v 0.008881133973774269 -0.2235396018255823 -0.02093375
v 0.044757705758001434 -0.13692589565264915 -0.02093375
v -0.014326719882909247 -0.2139265940045712 -0.05719125
v 0.021549851901317918 -0.12731288783163805 -0.05719125
v -0.05452471834247534 -0.19727603786236614 -0.078125
v -0.018648146558248167 -0.11066233168943304 -0.078125
v -0.10094042605584239 -0.17805002222034408 -0.078125
v -0.0650638542716152 -0.09143631604741091 -0.078125
v -0.14113842451540848 -0.16139946607813901 -0.05719125
v -0.1052618527311813 -0.07478575990520586 -0.05719125
v -0.16434627837209198 -0.15178645825712794 -0.02093375
v -0.12846970658786483 -0.06517275208419482 -0.02093375
v -0.16434627837209198 -0.15178645825712794 0.02093375
v -0.12846970658786483 -0.06517275208419482 0.02093375
v -0.14113842451540848 -0.16139946607813901 0.05719125
v -0.1052618527311813 -0.07478575990520586 0.05719125
v -0.10094042605584239 -0.17805002222034408 0.078125
v -0.0650638542716152 -0.09143631604741091 0.078125
v -0.0344257191126923 -0.2056013159334687 0.046875
v -0.04040514774339682 -0.22003693362895752 -0.046875
v -0.12103942528562542 -0.16972474414924155 0.046875
v -0.12701885391632992 -0.18416036184473036 -0.046875
v -0.0006595712833814271 -0.42707620865338936 0
v -0.0939020630149528 -0.42154736901752615 0
v -0.22797844204911277 -0.36716115614051203 0
v -0.17113440593261017 -0.29622741765697114 0.046875
v -0.17113440593261017 -0.29622741765697114 -0.046875
v -0.09296909481236787 -0.32975459134289864 0.046875
v -0.09296909481236787 -0.32975459134289864 -0.046875
v -0.1171118121800107 -0.32356301793145936 -0.046875
v -0.08123524039578356 -0.23694931175852618 -0.0625
v -0.1459830475709884 -0.31160416067005015 -0.046875
v -0.11010647578676129 -0.22499045449711716 -0.0625
v -0.11396466166015247 -0.35869136661875145 0.046875
v -0.07525581176507903 -0.22251369406303734 0.0625
v -0.17806053650224646 -0.3321419859669877 0.046875
v -0.10412704715605677 -0.21055483680162831 0.0625
v -0.17980780383012573 -0.22994397536527675 -0.046875
v -0.03545162687523719 -0.289738261672322 0.046875
v -0.03545162687523719 -0.289738261672322 -0.046875
v -0.17980780383012573 -0.22994397536527675 0.046875
v -0.2975617697518578 -0.3045140418318462 0
vt 0.39191484375 0.96613359375
vt 0.38738203125 0.96875
vt 0.384765625 0.958984375
vt 0.42546796875 0.75390625
vt 0.43070078125 0.75390625
vt 0.43070078125 0.765625
vt 0.42546796875 0.765625
vt 0.38738203125 0.78515625
vt 0.39191484375 0.78777265625
vt 0.384765625 0.794921875
vt 0.39453125 0.96160078125
vt 0.39191484375 0.96613359375
vt 0.384765625 0.958984375
vt 0.41500234375 0.77734375
vt 0.42023515625 0.77734375
vt 0.42023515625 0.7890625
vt 0.41500234375 0.7890625
vt 0.39191484375 0.78777265625
vt 0.39453125 0.79230546875
vt 0.384765625 0.794921875
vt 0.39453125 0.95636796875
vt 0.39453125 0.96160078125
vt 0.384765625 0.958984375
vt 0.42023515625 0.77734375
vt 0.42546796875 0.77734375
vt 0.42546796875 0.7890625
vt 0.42023515625 0.7890625
vt 0.39453125 0.79230546875
vt 0.39453125 0.79753828125
vt 0.384765625 0.794921875
vt 0.39191484375 0.95183515625
vt 0.39453125 0.95636796875
vt 0.384765625 0.958984375
vt 0.42546796875 0.77734375
vt 0.43070078125 0.77734375
vt 0.43070078125 0.7890625
vt 0.42546796875 0.7890625
vt 0.39453125 0.79753828125
vt 0.39191484375 0.80207109375
vt 0.384765625 0.794921875
vt 0.38738203125 0.94921875
vt 0.39191484375 0.95183515625
vt 0.384765625 0.958984375
vt 0.41500234375 0.63671875
vt 0.42023515625 0.63671875
vt 0.42023515625 0.6484375
vt 0.41500234375 0.6484375
vt 0.39191484375 0.80207109375
vt 0.38738203125 0.8046875
vt 0.384765625 0.794921875
vt 0.38214921875 0.94921875
vt 0.38738203125 0.94921875
vt 0.384765625 0.958984375
vt 0.42023515625 0.63671875
vt 0.42546796875 0.63671875
vt 0.42546796875 0.6484375
vt 0.42023515625 0.6484375
vt 0.38738203125 0.8046875
vt 0.38214921875 0.8046875
vt 0.384765625 0.794921875
vt 0.37761640625 0.95183515625
vt 0.38214921875 0.94921875
vt 0.384765625 0.958984375
vt 0.42546796875 0.63671875
vt 0.43070078125 0.63671875
vt 0.43070078125 0.6484375
vt 0.42546796875 0.6484375
vt 0.38214921875 0.8046875
vt 0.37761640625 0.80207109375
vt 0.384765625 0.794921875
vt 0.375 0.95636796875
vt 0.37761640625 0.95183515625
vt 0.384765625 0.958984375
vt 0.29000234375 0.57421875
vt 0.29523515625 0.57421875
vt 0.29523515625 0.5859375
vt 0.29000234375 0.5859375
vt 0.37761640625 0.80207109375
vt 0.375 0.79753828125
vt 0.384765625 0.794921875
vt 0.375 0.96160078125
vt 0.375 0.95636796875
vt 0.384765625 0.958984375
vt 0.29523515625 0.57421875
vt 0.30046796875 0.57421875
vt 0.30046796875 0.5859375
vt 0.29523515625 0.5859375
vt 0.375 0.79753828125
vt 0.375 0.79230546875
vt 0.384765625 0.794921875
vt 0.37761640625 0.96613359375
vt 0.375 0.96160078125
vt 0.384765625 0.958984375
vt 0.30046796875 0.57421875
vt 0.30570078125 0.57421875
vt 0.30570078125 0.5859375
vt 0.30046796875 0.5859375
vt 0.375 0.79230546875
vt 0.37761640625 0.78777265625
vt 0.384765625 0.794921875
vt 0.38214921875 0.96875
vt 0.37761640625 0.96613359375
vt 0.384765625 0.958984375
vt 0.41500234375 0.75390625
vt 0.42023515625 0.75390625
vt 0.42023515625 0.765625
vt 0.41500234375 0.765625
vt 0.37761640625 0.78777265625
vt 0.38214921875 0.78515625
vt 0.384765625 0.794921875
vt 0.38738203125 0.96875
vt 0.38214921875 0.96875
vt 0.384765625 0.958984375
vt 0.42023515625 0.75390625
vt 0.42546796875 0.75390625
vt 0.42546796875 0.765625
vt 0.42023515625 0.765625
vt 0.38214921875 0.78515625
vt 0.38738203125 0.78515625
vt 0.384765625 0.794921875
vt 0.41196953125 0.83384453125
vt 0.40834296875 0.8359375
vt 0.40625 0.828125
vt 0.23549140625 0.6640625
vt 0.23967734375 0.6640625
vt 0.23967734375 0.765625
vt 0.23549140625 0.765625
vt 0.40834296875 0.7265625
vt 0.41196953125 0.72865546875
vt 0.40625 0.734375
vt 0.4140625 0.83021796875
vt 0.41196953125 0.83384453125
vt 0.40625 0.828125
vt 0.20368203125 0.6640625
vt 0.20786796875 0.6640625
vt 0.20786796875 0.765625
vt 0.20368203125 0.765625
vt 0.41196953125 0.72865546875
vt 0.4140625 0.73228203125
vt 0.40625 0.734375
vt 0.4140625 0.82603203125
vt 0.4140625 0.83021796875
vt 0.40625 0.828125
vt 0.20786796875 0.6640625
vt 0.21205390625 0.6640625
vt 0.21205390625 0.765625
vt 0.20786796875 0.765625
vt 0.4140625 0.73228203125
vt 0.4140625 0.73646796875
vt 0.40625 0.734375
vt 0.41196953125 0.82240546875
vt 0.4140625 0.82603203125
vt 0.40625 0.828125
vt 0.21205390625 0.6640625
vt 0.21623984375 0.6640625
vt 0.21623984375 0.765625
vt 0.21205390625 0.765625
vt 0.4140625 0.73646796875
vt 0.41196953125 0.74009453125
vt 0.40625 0.734375
vt 0.40834296875 0.8203125
vt 0.41196953125 0.82240546875
vt 0.40625 0.828125
vt 0.25055703125 0.671875
vt 0.25474296875 0.671875
vt 0.25474296875 0.7734375
vt 0.25055703125 0.7734375
vt 0.41196953125 0.74009453125
vt 0.40834296875 0.7421875
vt 0.40625 0.734375
vt 0.40415703125 0.8203125
vt 0.40834296875 0.8203125
vt 0.40625 0.828125
vt 0.25474296875 0.671875
vt 0.25892890625 0.671875
vt 0.25892890625 0.7734375
vt 0.25474296875 0.7734375
vt 0.40834296875 0.7421875
vt 0.40415703125 0.7421875
vt 0.40625 0.734375
vt 0.40053046875 0.82240546875
vt 0.40415703125 0.8203125
vt 0.40625 0.828125
vt 0.25892890625 0.671875
vt 0.26311484375 0.671875
vt 0.26311484375 0.7734375
vt 0.25892890625 0.7734375
vt 0.40415703125 0.7421875
vt 0.40053046875 0.74009453125
vt 0.40625 0.734375
vt 0.3984375 0.82603203125
vt 0.40053046875 0.82240546875
vt 0.40625 0.828125
vt 0.24274453125 0.78125
vt 0.24693046875 0.78125
vt 0.24693046875 0.8828125
vt 0.24274453125 0.8828125
vt 0.40053046875 0.74009453125
vt 0.3984375 0.73646796875
vt 0.40625 0.734375
vt 0.3984375 0.83021796875
vt 0.3984375 0.82603203125
vt 0.40625 0.828125
vt 0.24693046875 0.78125
vt 0.25111640625 0.78125
vt 0.25111640625 0.8828125
vt 0.24693046875 0.8828125
vt 0.3984375 0.73646796875
vt 0.3984375 0.73228203125
vt 0.40625 0.734375
vt 0.40053046875 0.83384453125
vt 0.3984375 0.83021796875
vt 0.40625 0.828125
vt 0.25111640625 0.78125
vt 0.25530234375 0.78125
vt 0.25530234375 0.8828125
vt 0.25111640625 0.8828125
vt 0.3984375 0.73228203125
vt 0.40053046875 0.72865546875
vt 0.40625 0.734375
vt 0.40415703125 0.8359375
vt 0.40053046875 0.83384453125
vt 0.40625 0.828125
vt 0.22711953125 0.6640625
vt 0.23130546875 0.6640625
vt 0.23130546875 0.765625
vt 0.22711953125 0.765625
vt 0.40053046875 0.72865546875
vt 0.40415703125 0.7265625
vt 0.40625 0.734375
vt 0.40834296875 0.8359375
vt 0.40415703125 0.8359375
vt 0.40625 0.828125
vt 0.23130546875 0.6640625
vt 0.23549140625 0.6640625
vt 0.23549140625 0.765625
vt 0.23130546875 0.765625
vt 0.40415703125 0.7265625
vt 0.40834296875 0.7265625
vt 0.40625 0.734375
vt 0.5327665625 0.4328753125
vt 0.5405790625 0.35649718750000003
vt 0.5483915625 0.4328753125
vt 0.0625 0.5866218750000001
vt 0.041665625 0.62270625
vt 0.020834375 0.62270625
vt 0 0.5866218750000001
vt 0.458740625 0.796875
vt 0.458740625 0.84375
vt 0.34428125 0.8359375
vt 0.34428125 0.8046875
vt 0.015625 0.407525
vt 0.026040625 0.2578125
vt 0.036459375 0.2578125
vt 0.046875 0.407525
vt 0.4453125 0.6171875
vt 0.4375 0.671875
vt 0.32578125 0.67265625
vt 0.32578125 0.62265625
vt 0.3249996875 0.6733312499999999
vt 0.4397309375 0.6733312499999999
vt 0.4413246875 0.61705625
vt 0.3249996875 0.626771875
vt 0.458740625 0.84375
vt 0.458740625 0.796875
vt 0.65571875 0.8125
vt 0.65571875 0.828125
vt 0.208323125 0.3118190625
vt 0.218725625 0.4045046875
vt 0.187524375 0.40625
vt 0.187524375 0.31298250000000005
vt 0.4383078125 0.6718596875
vt 0.3313503125 0.749478125
vt 0.2166234375 0.75
vt 0.328125 0.671875
vt 0.216709375 0.74756875
vt 0.3314278125 0.749060625
vt 0.4397309375 0.6733312499999999
vt 0.3260559375 0.6733312499999999
vt 0.252603125 0.16247500000000004
vt 0.263021875 0.16247500000000004
vt 0.2578125 0.40625
vt 0.015625 0.407525
vt 0.046875 0.407525
vt 0.0625 0.5866218750000001
vt 0 0.5866218750000001
vt 0.3701403125 0.5394209375
vt 0.4735253125 0.430638125
vt 0.4439825 0.6182059375
vt 0.4731315625 0.4306375
vt 0.3697465625 0.5394203125
vt 0.44358875 0.6182053125
vt 0.4413246875 0.617055
vt 0.4397309375 0.6733312499999999
vt 0.4796459375 0.6705221875
vt 0.440746875 0.675416875
vt 0.442340625 0.619140625
vt 0.480661875 0.672608125
vt 0.3249996875 0.6733312499999999
vt 0.3249996875 0.62214375
vt 0.2174434375 0.634940625
vt 0.1920059375 0.660534375
vt 0.2178365625 0.634940625
vt 0.3253928125 0.62214375
vt 0.3253928125 0.6733312499999999
vt 0.1923990625 0.660534375
vt 0.4735253125 0.430638125
vt 0.478133125 0.6744271875000001
vt 0.4439828125 0.618205
vt 0.3701403125 0.5394209375
vt 0.3253928125 0.62214375
vt 0.217835625 0.634940625
vt 0.475669375 0.4324028125
vt 0.4425871875 0.6193778125
vt 0.475669375 0.6762353125
vt 0.3697471875 0.5394209375
vt 0.2174425 0.634940625
vt 0.3249996875 0.62214375
vt 0.3313503125 0.749478125
vt 0.4383065625 0.671860625
vt 0.5279578125 0.7297596875
vt 0.2166234375 0.75
vt 0.1907921875 0.6603796875
vt 0.3253928125 0.6733312499999999
vt 0.3314278125 0.749060625
vt 0.5283509375 0.7327959374999999
vt 0.4397296875 0.6733321875
vt 0.2162303125 0.75
vt 0.3249996875 0.6733312499999999
vt 0.1903990625 0.6603796875
vt 0.3701403125 0.5394209375
vt 0.443981875 0.6182053125
vt 0.3253940625 0.62214125
vt 0.44358875 0.6182053125
vt 0.3697471875 0.5394209375
vt 0.3250009375 0.62214125
vt 0.5405790625 0.35649718750000003
vt 0.5687959375 0.328125
vt 0.5483915625 0.4328759375
vt 0.440746875 0.675416875
vt 0.4806628125 0.6726078125
vt 0.533359375 0.728445625
vt 0.4476484375 0.8109296875
vt 0.4449296875 0.8125
vt 0.443359375 0.806640625
vt 0.061140625 0.296875
vt 0.06428125 0.296875
vt 0.06428125 0.875
vt 0.061140625 0.875
vt 0.2964921875 0.55078125
vt 0.2992109375 0.5523515625
vt 0.294921875 0.556640625
vt 0.44921875 0.8082109375
vt 0.4476484375 0.8109296875
vt 0.443359375 0.806640625
vt 0.000171875 0.296875
vt 0.0033125 0.296875
vt 0.0033125 0.875
vt 0.000171875 0.875
vt 0.2992109375 0.5523515625
vt 0.30078125 0.5550703125
vt 0.294921875 0.556640625
vt 0.44921875 0.8050703125
vt 0.44921875 0.8082109375
vt 0.443359375 0.806640625
vt 0.0033125 0.296875
vt 0.006453125 0.296875
vt 0.006453125 0.875
vt 0.0033125 0.875
vt 0.30078125 0.5550703125
vt 0.30078125 0.5582109375
vt 0.294921875 0.556640625
vt 0.4476484375 0.8023515625
vt 0.44921875 0.8050703125
vt 0.443359375 0.806640625
vt 0.006453125 0.296875
vt 0.00959375 0.296875
vt 0.00959375 0.875
vt 0.006453125 0.875
vt 0.30078125 0.5582109375
vt 0.2992109375 0.5609296875
vt 0.294921875 0.556640625
vt 0.4449296875 0.80078125
vt 0.4476484375 0.8023515625
vt 0.443359375 0.806640625
vt 0.023609375 0.2890625
vt 0.02675 0.2890625
vt 0.02675 0.8671875
vt 0.023609375 0.8671875
vt 0.2992109375 0.5609296875
vt 0.2964921875 0.5625
vt 0.294921875 0.556640625
vt 0.4417890625 0.80078125
vt 0.4449296875 0.80078125
vt 0.443359375 0.806640625
vt 0.02675 0.2890625
vt 0.029890625 0.2890625
vt 0.029890625 0.8671875
vt 0.02675 0.8671875
vt 0.2964921875 0.5625
vt 0.2933515625 0.5625
vt 0.294921875 0.556640625
vt 0.4390703125 0.8023515625
vt 0.4417890625 0.80078125
vt 0.443359375 0.806640625
vt 0.029890625 0.2890625
vt 0.03303125 0.2890625
vt 0.03303125 0.8671875
vt 0.029890625 0.8671875
vt 0.2933515625 0.5625
vt 0.2906328125 0.5609296875
vt 0.294921875 0.556640625
vt 0.4375 0.8050703125
vt 0.4390703125 0.8023515625
vt 0.443359375 0.806640625
vt 0.078296875 0.296875
vt 0.0814375 0.296875
vt 0.0814375 0.875
vt 0.078296875 0.875
vt 0.2906328125 0.5609296875
vt 0.2890625 0.5582109375
vt 0.294921875 0.556640625
vt 0.4375 0.8082109375
vt 0.4375 0.8050703125
vt 0.443359375 0.806640625
vt 0.0814375 0.296875
vt 0.084578125 0.296875
vt 0.084578125 0.875
vt 0.0814375 0.875
vt 0.2890625 0.5582109375
vt 0.2890625 0.5550703125
vt 0.294921875 0.556640625
vt 0.4390703125 0.8109296875
vt 0.4375 0.8082109375
vt 0.443359375 0.806640625
vt 0.084578125 0.296875
vt 0.08771875 0.296875
vt 0.08771875 0.875
vt 0.084578125 0.875
vt 0.2890625 0.5550703125
vt 0.2906328125 0.5523515625
vt 0.294921875 0.556640625
vt 0.4417890625 0.8125
vt 0.4390703125 0.8109296875
vt 0.443359375 0.806640625
vt 0.054859375 0.296875
vt 0.058 0.296875
vt 0.058 0.875
vt 0.054859375 0.875
vt 0.2906328125 0.5523515625
vt 0.2933515625 0.55078125
vt 0.294921875 0.556640625
vt 0.4449296875 0.8125
vt 0.4417890625 0.8125
vt 0.443359375 0.806640625
vt 0.058 0.296875
vt 0.061140625 0.296875
vt 0.061140625 0.875
vt 0.058 0.875
vt 0.2933515625 0.55078125
vt 0.2964921875 0.55078125
vt 0.294921875 0.556640625
vt 0.3530953125 0.88019609375
vt 0.3422171875 0.8828125
vt 0.3359375 0.873046875
vt 0.3676078125 0.71484375
vt 0.3787953125 0.71484375
vt 0.3787953125 0.7265625
vt 0.3676078125 0.7265625
vt 0.3422171875 0.83203125
vt 0.3530953125 0.83464765625
vt 0.3359375 0.841796875
vt 0.359375 0.87566328125
vt 0.3530953125 0.88019609375
vt 0.3359375 0.873046875
vt 0.3787953125 0.71484375
vt 0.38653984375 0.71484375
vt 0.38653984375 0.7265625
vt 0.3787953125 0.7265625
vt 0.3530953125 0.83464765625
vt 0.359375 0.83918046875
vt 0.3359375 0.841796875
vt 0.359375 0.87043046875
vt 0.359375 0.87566328125
vt 0.3359375 0.873046875
vt 0.3203125 0.60546875
vt 0.326171875 0.60546875
vt 0.326171875 0.6171875
vt 0.3203125 0.6171875
vt 0.359375 0.83918046875
vt 0.359375 0.84441328125
vt 0.3359375 0.841796875
vt 0.3530953125 0.86589765625
vt 0.359375 0.87043046875
vt 0.3359375 0.873046875
vt 0.33611640625 0.69140625
vt 0.3438609375 0.69140625
vt 0.3438609375 0.703125
vt 0.33611640625 0.703125
vt 0.359375 0.84441328125
vt 0.3530953125 0.84894609375
vt 0.3359375 0.841796875
vt 0.3422171875 0.86328125
vt 0.3530953125 0.86589765625
vt 0.3359375 0.873046875
vt 0.3438609375 0.69140625
vt 0.3550484375 0.69140625
vt 0.3550484375 0.703125
vt 0.3438609375 0.703125
vt 0.3530953125 0.84894609375
vt 0.3422171875 0.8515625
vt 0.3359375 0.841796875
vt 0.3296578125 0.86328125
vt 0.3422171875 0.86328125
vt 0.3359375 0.873046875
vt 0.3550484375 0.69140625
vt 0.3676078125 0.69140625
vt 0.3676078125 0.703125
vt 0.3550484375 0.703125
vt 0.3422171875 0.8515625
vt 0.3296578125 0.8515625
vt 0.3359375 0.841796875
vt 0.3187796875 0.86589765625
vt 0.3296578125 0.86328125
vt 0.3359375 0.873046875
vt 0.3676078125 0.69140625
vt 0.3787953125 0.69140625
vt 0.3787953125 0.703125
vt 0.3676078125 0.703125
vt 0.3296578125 0.8515625
vt 0.3187796875 0.84894609375
vt 0.3359375 0.841796875
vt 0.3125 0.87043046875
vt 0.3187796875 0.86589765625
vt 0.3359375 0.873046875
vt 0.3787953125 0.69140625
vt 0.38653984375 0.69140625
vt 0.38653984375 0.703125
vt 0.3787953125 0.703125
vt 0.3187796875 0.84894609375
vt 0.3125 0.84441328125
vt 0.3359375 0.841796875
vt 0.3125 0.87566328125
vt 0.3125 0.87043046875
vt 0.3359375 0.873046875
vt 0.3203125 0.58203125
vt 0.326171875 0.58203125
vt 0.326171875 0.59375
vt 0.3203125 0.59375
vt 0.3125 0.84441328125
vt 0.3125 0.83918046875
vt 0.3359375 0.841796875
vt 0.3187796875 0.88019609375
vt 0.3125 0.87566328125
vt 0.3359375 0.873046875
vt 0.33611640625 0.71484375
vt 0.3438609375 0.71484375
vt 0.3438609375 0.7265625
vt 0.33611640625 0.7265625
vt 0.3125 0.83918046875
vt 0.3187796875 0.83464765625
vt 0.3359375 0.841796875
vt 0.3296578125 0.8828125
vt 0.3187796875 0.88019609375
vt 0.3359375 0.873046875
vt 0.3438609375 0.71484375
vt 0.3550484375 0.71484375
vt 0.3550484375 0.7265625
vt 0.3438609375 0.7265625
vt 0.3187796875 0.83464765625
vt 0.3296578125 0.83203125
vt 0.3359375 0.841796875
vt 0.3422171875 0.8828125
vt 0.3296578125 0.8828125
vt 0.3359375 0.873046875
vt 0.3550484375 0.71484375
vt 0.3676078125 0.71484375
vt 0.3676078125 0.7265625
vt 0.3550484375 0.7265625
vt 0.3296578125 0.83203125
vt 0.3422171875 0.83203125
vt 0.3359375 0.841796875
vt 0.22680546875 0.65363359375
vt 0.22046015625 0.65625
vt 0.216796875 0.646484375
vt 0.27221796875 0.98828125
vt 0.27908203125 0.98828125
vt 0.27908203125 1
vt 0.27221796875 1
vt 0.31421015625 0.62890625
vt 0.32055546875 0.63152265625
vt 0.310546875 0.638671875
vt 0.23046875 0.64910078125
vt 0.22680546875 0.65363359375
vt 0.216796875 0.646484375
vt 0.3828125 0.54296875
vt 0.388671875 0.54296875
vt 0.388671875 0.5546875
vt 0.3828125 0.5546875
vt 0.32055546875 0.63152265625
vt 0.32421875 0.63605546875
vt 0.310546875 0.638671875
vt 0.23046875 0.64386796875
vt 0.23046875 0.64910078125
vt 0.216796875 0.646484375
vt 0.4453125 0.75390625
vt 0.451171875 0.75390625
vt 0.451171875 0.765625
vt 0.4453125 0.765625
vt 0.32421875 0.63605546875
vt 0.32421875 0.64128828125
vt 0.310546875 0.638671875
vt 0.22680546875 0.63933515625
vt 0.23046875 0.64386796875
vt 0.216796875 0.646484375
vt 0.4453125 0.61328125
vt 0.451171875 0.61328125
vt 0.451171875 0.625
vt 0.4453125 0.625
vt 0.32421875 0.64128828125
vt 0.32055546875 0.64582109375
vt 0.310546875 0.638671875
vt 0.22046015625 0.63671875
vt 0.22680546875 0.63933515625
vt 0.216796875 0.646484375
vt 0.38302734375 0.90234375
vt 0.38989140625 0.90234375
vt 0.38989140625 0.9140625
vt 0.38302734375 0.9140625
vt 0.32055546875 0.64582109375
vt 0.31421015625 0.6484375
vt 0.310546875 0.638671875
vt 0.21313359375 0.63671875
vt 0.22046015625 0.63671875
vt 0.216796875 0.646484375
vt 0.38989140625 0.90234375
vt 0.39721796875 0.90234375
vt 0.39721796875 0.9140625
vt 0.38989140625 0.9140625
vt 0.31421015625 0.6484375
vt 0.30688359375 0.6484375
vt 0.310546875 0.638671875
vt 0.20678828125 0.63933515625
vt 0.21313359375 0.63671875
vt 0.216796875 0.646484375
vt 0.39721796875 0.90234375
vt 0.40408203125 0.90234375
vt 0.40408203125 0.9140625
vt 0.39721796875 0.9140625
vt 0.30688359375 0.6484375
vt 0.30053828125 0.64582109375
vt 0.310546875 0.638671875
vt 0.203125 0.64386796875
vt 0.20678828125 0.63933515625
vt 0.216796875 0.646484375
vt 0.4453125 0.63671875
vt 0.451171875 0.63671875
vt 0.451171875 0.6484375
vt 0.4453125 0.6484375
vt 0.30053828125 0.64582109375
vt 0.296875 0.64128828125
vt 0.310546875 0.638671875
vt 0.203125 0.64910078125
vt 0.203125 0.64386796875
vt 0.216796875 0.646484375
vt 0.3515625 0.54296875
vt 0.357421875 0.54296875
vt 0.357421875 0.5546875
vt 0.3515625 0.5546875
vt 0.296875 0.64128828125
vt 0.296875 0.63605546875
vt 0.310546875 0.638671875
vt 0.20678828125 0.65363359375
vt 0.203125 0.64910078125
vt 0.216796875 0.646484375
vt 0.3671875 0.54296875
vt 0.373046875 0.54296875
vt 0.373046875 0.5546875
vt 0.3671875 0.5546875
vt 0.296875 0.63605546875
vt 0.30053828125 0.63152265625
vt 0.310546875 0.638671875
vt 0.21313359375 0.65625
vt 0.20678828125 0.65363359375
vt 0.216796875 0.646484375
vt 0.25802734375 0.98828125
vt 0.26489140625 0.98828125
vt 0.26489140625 1
vt 0.25802734375 1
vt 0.30053828125 0.63152265625
vt 0.30688359375 0.62890625
vt 0.310546875 0.638671875
vt 0.22046015625 0.65625
vt 0.21313359375 0.65625
vt 0.216796875 0.646484375
vt 0.26489140625 0.98828125
vt 0.27221796875 0.98828125
vt 0.27221796875 1
vt 0.26489140625 1
vt 0.30688359375 0.62890625
vt 0.31421015625 0.62890625
vt 0.310546875 0.638671875
vt 0.34375 0.6328125
vt 0.3359375 0.6328125
vt 0.3359375 0.58203125
vt 0.34375 0.58203125
vt 0.32812171875 0.757491953125
vt 0.32031578125 0.7578125
vt 0.32031578125 0.66260890625
vt 0.1015625 0.6554796875
vt 0.109375 0.5851671875
vt 0.1171875 0.5851671875
vt 0.125 0.6554796875
vt 0.049688984375 0.88670796875
vt 0.049688984375 0.89452046875
vt 0.096563984375 0.89452046875
vt 0.096563984375 0.88670796875
vt 0.096794453125 0.89466125
vt 0.049919453125 0.89466125
vt 0.049919453125 0.88684875
vt 0.096794453125 0.88684875
vt 0.296875 1
vt 0.2890625 1
vt 0.2890625 0.9921875
vt 0.296875 0.9921875
vt 0.049688984375 0.89452046875
vt 0.00654609375 0.93735921875
vt 0.09675328125 0.906923671875
vt 0.096374453125 0.89452046875
vt 0.09698375 0.9070644531250001
vt 0.0067765625 0.9375
vt 0.049919453125 0.89466125
vt 0.096604921875 0.89466125
vt 0.1171875 0.578125
vt 0.1171875 0.5851671875
vt 0.109375 0.5851671875
vt 0.109375 0.578125
vt 0.1015625 0.6554796875
vt 0.125 0.6554796875
vt 0.11328125 0.88207578125
vt 0.09695828125 0.8831694531250001
vt 0.02621578125 0.882539375
vt 0.049688984375 0.88670796875
vt 0.097142421875 0.88670796875
vt 0.049919453125 0.88684875
vt 0.02644625 0.88268015625
vt 0.09718875 0.883310234375
vt 0.097372890625 0.88684875
vt 0.02055984375 0.8865453125
vt 0.04992 0.88684890625
vt 0.04983921875 0.8946609375
vt 0.00058796875 0.93321625
vt 0.049688984375 0.89452046875
vt 0.049688984375 0.88670796875
vt 0.020327265625 0.88670796875
vt 0.000838984375 0.93358296875
vt 0.144336953125 0.8826171875
vt 0.133318359375 0.8828125
vt 0.142924765625 0.6558353125
vt 0.149382734375 0.641097265625
vt 0.142924765625 0.6558353125
vt 0.133214140625 0.8828125
vt 0.144336953125 0.8826171875
vt 0.149382734375 0.641097265625
vt 0.026173359375 0.8827821875
vt 0.020327265625 0.88670796875
vt 0.049688984375 0.88670796875
vt 0.064453125 0.935546875
vt 0.064453125 0.931640625
vt 0.291015625 0.931640625
vt 0.02644625 0.88268015625
vt 0.04992 0.88684890625
vt 0.02055984375 0.8865453125
vt 0.064453125 0.931640625
vt 0.29296875 0.931640625
vt 0.064453125 0.935546875
vt 0.006686484375 0.9375
vt 0.049688984375 0.89452046875
vt 0.000828359375 0.93359140625
vt 0.0067765625 0.9375
vt 0.00093125 0.933572265625
vt 0.049919375 0.894661328125
vt 0.09698375 0.9070644531250001
vt 0.096583828125 0.893968515625
vt 0.338831875 0.8909518750000001
vt 0.09675328125 0.906923671875
vt 0.372218515625 0.904629453125
vt 0.096353359375 0.893827265625
vt 0.09698375 0.9070644531250001
vt 0.338831875 0.8909518750000001
vt 0.37245890625 0.9066771875
vt 0.11328125 0.890625
vt 0.35546875 0.890625
vt 0.078125 0.908203125
vt 0.17333984375 0.8278125000000001
vt 0.15869140625 0.8278125000000001
vt 0.15673828125 0.7965015625
vt 0.17529296875 0.7965015625
vt 0.20654296875 0.7965015625
vt 0.20458984375 0.8278125000000001
vt 0.18994140625 0.8278125000000001
vt 0.18798828125 0.7965015625
vt 0.30859375 0.99609375
vt 0.30859375 1
vt 0.3046875 1
vt 0.3046875 0.99609375
vt 0.4375 0.59015078125
vt 0.44921875 0.58984375
vt 0.44921875 0.6014078125
vt 0.4375 0.60110078125
vt 0.234375 0.7961875
vt 0.232421875 0.8274984375
vt 0.220703125 0.8274984375
vt 0.21875 0.7961875
vt 0.177734375 0.7103109375000001
vt 0.166015625 0.7103109375000001
vt 0.1640625 0.679
vt 0.1796875 0.679
vt 0.16748046875 0.8828125
vt 0.16455078125 0.8828125
vt 0.15869140625 0.8278125000000001
vt 0.17333984375 0.8278125000000001
vt 0.20458984375 0.8278125000000001
vt 0.19873046875 0.8828125
vt 0.19580078125 0.8828125
vt 0.18994140625 0.8278125000000001
vt 0.232421875 0.8274984375
vt 0.228515625 0.8828125
vt 0.224609375 0.8828125
vt 0.220703125 0.8274984375
vt 0.173828125 0.765625
vt 0.169921875 0.765625
vt 0.166015625 0.7103109375000001
vt 0.177734375 0.7103109375000001
vt 0.15673828125 0.7965015625
vt 0.16023359375 0.7803953125
vt 0.17179765625 0.7803953125
vt 0.17529296875 0.7965015625
vt 0.191790625 0.7803953125
vt 0.202740625 0.7803953125
vt 0.20654296875 0.7965015625
vt 0.18798828125 0.7965015625
vt 0.220698828125 0.779364140625
vt 0.232421015625 0.779472578125
vt 0.234375 0.7961875
vt 0.218754765625 0.7961875
vt 0.1640625 0.679
vt 0.166016484375 0.662285078125
vt 0.177738671875 0.662176640625
vt 0.179682734375 0.679
vt 0.2590328125 0.5461374999999999
vt 0.262159375 0.5461374999999999
vt 0.2618546875 0.5775078124999999
vt 0.258728125 0.5775078124999999
vt 0.2752546875 0.5775078124999999
vt 0.27495 0.5461374999999999
vt 0.2780765625 0.5461374999999999
vt 0.27838125 0.5775078124999999
vt 0.1658796875 0.5931328124999999
vt 0.165575 0.5617624999999999
vt 0.1687015625 0.5617624999999999
vt 0.16900625 0.5931328124999999
vt 0.2434078125 0.5461374999999999
vt 0.246534375 0.5461374999999999
vt 0.2462296875 0.5775078124999999
vt 0.243103125 0.5775078124999999
vt 0.278365625 0.529659375
vt 0.2780765625 0.5461374999999999
vt 0.27495 0.5461374999999999
vt 0.24287890625 0.529596875
vt 0.246534375 0.5461374999999999
vt 0.2434078125 0.5461374999999999
vt 0.25874375 0.529659375
vt 0.262159375 0.5461374999999999
vt 0.2590328125 0.5461374999999999
vt 0.16923046875 0.545221875
vt 0.1687015625 0.5617624999999999
vt 0.165575 0.5617624999999999
vt 0.279296875 0.6328125
vt 0.2752546875 0.5775078124999999
vt 0.27838125 0.5775078124999999
vt 0.2421875 0.6328125
vt 0.243103125 0.5775078124999999
vt 0.2462296875 0.5775078124999999
vt 0.2578125 0.6328125
vt 0.258728125 0.5775078124999999
vt 0.2618546875 0.5775078124999999
vt 0.169921875 0.6484375
vt 0.1658796875 0.5931328124999999
vt 0.16900625 0.5931328124999999
vt 0.38410234375 0.83332109375
vt 0.37956953125 0.8359375
vt 0.376953125 0.826171875
vt 0.42546796875 0.98828125
vt 0.43070078125 0.98828125
vt 0.43070078125 1
vt 0.42546796875 1
vt 0.36394453125 0.61328125
vt 0.36847734375 0.61589765625
vt 0.361328125 0.623046875
vt 0.38671875 0.82878828125
vt 0.38410234375 0.83332109375
vt 0.376953125 0.826171875
vt 0.40718984375 0.58984375
vt 0.41242265625 0.58984375
vt 0.41242265625 0.6015625
vt 0.40718984375 0.6015625
vt 0.36847734375 0.61589765625
vt 0.37109375 0.62043046875
vt 0.361328125 0.623046875
vt 0.38671875 0.82355546875
vt 0.38671875 0.82878828125
vt 0.376953125 0.826171875
vt 0.41242265625 0.58984375
vt 0.41765546875 0.58984375
vt 0.41765546875 0.6015625
vt 0.41242265625 0.6015625
vt 0.37109375 0.62043046875
vt 0.37109375 0.62566328125
vt 0.361328125 0.623046875
vt 0.38410234375 0.81902265625
vt 0.38671875 0.82355546875
vt 0.376953125 0.826171875
vt 0.41765546875 0.58984375
vt 0.42288828125 0.58984375
vt 0.42288828125 0.6015625
vt 0.41765546875 0.6015625
vt 0.37109375 0.62566328125
vt 0.36847734375 0.63019609375
vt 0.361328125 0.623046875
vt 0.37956953125 0.81640625
vt 0.38410234375 0.81902265625
vt 0.376953125 0.826171875
vt 0.41500234375 0.91015625
vt 0.42023515625 0.91015625
vt 0.42023515625 0.921875
vt 0.41500234375 0.921875
vt 0.36847734375 0.63019609375
vt 0.36394453125 0.6328125
vt 0.361328125 0.623046875
vt 0.37433671875 0.81640625
vt 0.37956953125 0.81640625
vt 0.376953125 0.826171875
vt 0.42023515625 0.91015625
vt 0.42546796875 0.91015625
vt 0.42546796875 0.921875
vt 0.42023515625 0.921875
vt 0.36394453125 0.6328125
vt 0.35871171875 0.6328125
vt 0.361328125 0.623046875
vt 0.36980390625 0.81902265625
vt 0.37433671875 0.81640625
vt 0.376953125 0.826171875
vt 0.42546796875 0.91015625
vt 0.43070078125 0.91015625
vt 0.43070078125 0.921875
vt 0.42546796875 0.921875
vt 0.35871171875 0.6328125
vt 0.35417890625 0.63019609375
vt 0.361328125 0.623046875
vt 0.3671875 0.82355546875
vt 0.36980390625 0.81902265625
vt 0.376953125 0.826171875
vt 0.41500234375 0.93359375
vt 0.42023515625 0.93359375
vt 0.42023515625 0.9453125
vt 0.41500234375 0.9453125
vt 0.35417890625 0.63019609375
vt 0.3515625 0.62566328125
vt 0.361328125 0.623046875
vt 0.3671875 0.82878828125
vt 0.3671875 0.82355546875
vt 0.376953125 0.826171875
vt 0.42023515625 0.93359375
vt 0.42546796875 0.93359375
vt 0.42546796875 0.9453125
vt 0.42023515625 0.9453125
vt 0.3515625 0.62566328125
vt 0.3515625 0.62043046875
vt 0.361328125 0.623046875
vt 0.36980390625 0.83332109375
vt 0.3671875 0.82878828125
vt 0.376953125 0.826171875
vt 0.42546796875 0.93359375
vt 0.43070078125 0.93359375
vt 0.43070078125 0.9453125
vt 0.42546796875 0.9453125
vt 0.3515625 0.62043046875
vt 0.35417890625 0.61589765625
vt 0.361328125 0.623046875
vt 0.37433671875 0.8359375
vt 0.36980390625 0.83332109375
vt 0.376953125 0.826171875
vt 0.41500234375 0.98828125
vt 0.42023515625 0.98828125
vt 0.42023515625 1
vt 0.41500234375 1
vt 0.35417890625 0.61589765625
vt 0.35871171875 0.61328125
vt 0.361328125 0.623046875
vt 0.37956953125 0.8359375
vt 0.37433671875 0.8359375
vt 0.376953125 0.826171875
vt 0.42023515625 0.98828125
vt 0.42546796875 0.98828125
vt 0.42546796875 1
vt 0.42023515625 1
vt 0.35871171875 0.61328125
vt 0.36394453125 0.61328125
vt 0.361328125 0.623046875
vt 0.22003984375 0.62238359375
vt 0.21550703125 0.625
vt 0.212890625 0.615234375
vt 0.43328046875 0.88671875
vt 0.43851328125 0.88671875
vt 0.43851328125 0.8984375
vt 0.43328046875 0.8984375
vt 0.39519453125 0.98046875
vt 0.39972734375 0.98308515625
vt 0.392578125 0.990234375
vt 0.22265625 0.61785078125
vt 0.22003984375 0.62238359375
vt 0.212890625 0.615234375
vt 0.41500234375 0.61328125
vt 0.42023515625 0.61328125
vt 0.42023515625 0.625
vt 0.41500234375 0.625
vt 0.39972734375 0.98308515625
vt 0.40234375 0.98761796875
vt 0.392578125 0.990234375
vt 0.22265625 0.61261796875
vt 0.22265625 0.61785078125
vt 0.212890625 0.615234375
vt 0.42023515625 0.61328125
vt 0.42546796875 0.61328125
vt 0.42546796875 0.625
vt 0.42023515625 0.625
vt 0.40234375 0.98761796875
vt 0.40234375 0.99285078125
vt 0.392578125 0.990234375
vt 0.22003984375 0.60808515625
vt 0.22265625 0.61261796875
vt 0.212890625 0.615234375
vt 0.42546796875 0.61328125
vt 0.43070078125 0.61328125
vt 0.43070078125 0.625
vt 0.42546796875 0.625
vt 0.40234375 0.99285078125
vt 0.39972734375 0.99738359375
vt 0.392578125 0.990234375
vt 0.21550703125 0.60546875
vt 0.22003984375 0.60808515625
vt 0.212890625 0.615234375
vt 0.42281484375 0.73046875
vt 0.42804765625 0.73046875
vt 0.42804765625 0.7421875
vt 0.42281484375 0.7421875
vt 0.39972734375 0.99738359375
vt 0.39519453125 1
vt 0.392578125 0.990234375
vt 0.21027421875 0.60546875
vt 0.21550703125 0.60546875
vt 0.212890625 0.615234375
vt 0.42804765625 0.73046875
vt 0.43328046875 0.73046875
vt 0.43328046875 0.7421875
vt 0.42804765625 0.7421875
vt 0.39519453125 1
vt 0.38996171875 1
vt 0.392578125 0.990234375
vt 0.20574140625 0.60808515625
vt 0.21027421875 0.60546875
vt 0.212890625 0.615234375
vt 0.43328046875 0.73046875
vt 0.43851328125 0.73046875
vt 0.43851328125 0.7421875
vt 0.43328046875 0.7421875
vt 0.38996171875 1
vt 0.38542890625 0.99738359375
vt 0.392578125 0.990234375
vt 0.203125 0.61261796875
vt 0.20574140625 0.60808515625
vt 0.212890625 0.615234375
vt 0.42281484375 0.82421875
vt 0.42804765625 0.82421875
vt 0.42804765625 0.8359375
vt 0.42281484375 0.8359375
vt 0.38542890625 0.99738359375
vt 0.3828125 0.99285078125
vt 0.392578125 0.990234375
vt 0.203125 0.61785078125
vt 0.203125 0.61261796875
vt 0.212890625 0.615234375
vt 0.42804765625 0.82421875
vt 0.43328046875 0.82421875
vt 0.43328046875 0.8359375
vt 0.42804765625 0.8359375
vt 0.3828125 0.99285078125
vt 0.3828125 0.98761796875
vt 0.392578125 0.990234375
vt 0.20574140625 0.62238359375
vt 0.203125 0.61785078125
vt 0.212890625 0.615234375
vt 0.43328046875 0.82421875
vt 0.43851328125 0.82421875
vt 0.43851328125 0.8359375
vt 0.43328046875 0.8359375
vt 0.3828125 0.98761796875
vt 0.38542890625 0.98308515625
vt 0.392578125 0.990234375
vt 0.21027421875 0.625
vt 0.20574140625 0.62238359375
vt 0.212890625 0.615234375
vt 0.42281484375 0.88671875
vt 0.42804765625 0.88671875
vt 0.42804765625 0.8984375
vt 0.42281484375 0.8984375
vt 0.38542890625 0.98308515625
vt 0.38996171875 0.98046875
vt 0.392578125 0.990234375
vt 0.21550703125 0.625
vt 0.21027421875 0.625
vt 0.212890625 0.615234375
vt 0.42804765625 0.88671875
vt 0.43328046875 0.88671875
vt 0.43328046875 0.8984375
vt 0.42804765625 0.8984375
vt 0.38996171875 0.98046875
vt 0.39519453125 0.98046875
vt 0.392578125 0.990234375
vt 0.39972734375 0.77082109375
vt 0.39519453125 0.7734375
vt 0.392578125 0.763671875
vt 0.43328046875 0.68359375
vt 0.43851328125 0.68359375
vt 0.43851328125 0.6953125
vt 0.43328046875 0.6953125
vt 0.30144453125 0.59765625
vt 0.30597734375 0.60027265625
vt 0.298828125 0.607421875
vt 0.40234375 0.76628828125
vt 0.39972734375 0.77082109375
vt 0.392578125 0.763671875
vt 0.42281484375 0.70703125
vt 0.42804765625 0.70703125
vt 0.42804765625 0.71875
vt 0.42281484375 0.71875
vt 0.30597734375 0.60027265625
vt 0.30859375 0.60480546875
vt 0.298828125 0.607421875
vt 0.40234375 0.76105546875
vt 0.40234375 0.76628828125
vt 0.392578125 0.763671875
vt 0.42804765625 0.70703125
vt 0.43328046875 0.70703125
vt 0.43328046875 0.71875
vt 0.42804765625 0.71875
vt 0.30859375 0.60480546875
vt 0.30859375 0.61003828125
vt 0.298828125 0.607421875
vt 0.39972734375 0.75652265625
vt 0.40234375 0.76105546875
vt 0.392578125 0.763671875
vt 0.43328046875 0.70703125
vt 0.43851328125 0.70703125
vt 0.43851328125 0.71875
vt 0.43328046875 0.71875
vt 0.30859375 0.61003828125
vt 0.30597734375 0.61457109375
vt 0.298828125 0.607421875
vt 0.39519453125 0.75390625
vt 0.39972734375 0.75652265625
vt 0.392578125 0.763671875
vt 0.35250234375 0.56640625
vt 0.35773515625 0.56640625
vt 0.35773515625 0.578125
vt 0.35250234375 0.578125
vt 0.30597734375 0.61457109375
vt 0.30144453125 0.6171875
vt 0.298828125 0.607421875
vt 0.38996171875 0.75390625
vt 0.39519453125 0.75390625
vt 0.392578125 0.763671875
vt 0.35773515625 0.56640625
vt 0.36296796875 0.56640625
vt 0.36296796875 0.578125
vt 0.35773515625 0.578125
vt 0.30144453125 0.6171875
vt 0.29621171875 0.6171875
vt 0.298828125 0.607421875
vt 0.38542890625 0.75652265625
vt 0.38996171875 0.75390625
vt 0.392578125 0.763671875
vt 0.36296796875 0.56640625
vt 0.36820078125 0.56640625
vt 0.36820078125 0.578125
vt 0.36296796875 0.578125
vt 0.29621171875 0.6171875
vt 0.29167890625 0.61457109375
vt 0.298828125 0.607421875
vt 0.3828125 0.76105546875
vt 0.38542890625 0.75652265625
vt 0.392578125 0.763671875
vt 0.42281484375 0.66015625
vt 0.42804765625 0.66015625
vt 0.42804765625 0.671875
vt 0.42281484375 0.671875
vt 0.29167890625 0.61457109375
vt 0.2890625 0.61003828125
vt 0.298828125 0.607421875
vt 0.3828125 0.76628828125
vt 0.3828125 0.76105546875
vt 0.392578125 0.763671875
vt 0.42804765625 0.66015625
vt 0.43328046875 0.66015625
vt 0.43328046875 0.671875
vt 0.42804765625 0.671875
vt 0.2890625 0.61003828125
vt 0.2890625 0.60480546875
vt 0.298828125 0.607421875
vt 0.38542890625 0.77082109375
vt 0.3828125 0.76628828125
vt 0.392578125 0.763671875
vt 0.43328046875 0.66015625
vt 0.43851328125 0.66015625
vt 0.43851328125 0.671875
vt 0.43328046875 0.671875
vt 0.2890625 0.60480546875
vt 0.29167890625 0.60027265625
vt 0.298828125 0.607421875
vt 0.38996171875 0.7734375
vt 0.38542890625 0.77082109375
vt 0.392578125 0.763671875
vt 0.42281484375 0.68359375
vt 0.42804765625 0.68359375
vt 0.42804765625 0.6953125
vt 0.42281484375 0.6953125
vt 0.29167890625 0.60027265625
vt 0.29621171875 0.59765625
vt 0.298828125 0.607421875
vt 0.39519453125 0.7734375
vt 0.38996171875 0.7734375
vt 0.392578125 0.763671875
vt 0.42804765625 0.68359375
vt 0.43328046875 0.68359375
vt 0.43328046875 0.6953125
vt 0.42804765625 0.6953125
vt 0.29621171875 0.59765625
vt 0.30144453125 0.59765625
vt 0.298828125 0.607421875
vt 0.39972734375 0.63019609375
vt 0.39519453125 0.6328125
vt 0.392578125 0.623046875
vt 0.42546796875 0.56640625
vt 0.43070078125 0.56640625
vt 0.43070078125 0.578125
vt 0.42546796875 0.578125
vt 0.40300703125 0.66015625
vt 0.40753984375 0.66277265625
vt 0.400390625 0.669921875
vt 0.40234375 0.62566328125
vt 0.39972734375 0.63019609375
vt 0.392578125 0.623046875
vt 0.38375234375 0.56640625
vt 0.38898515625 0.56640625
vt 0.38898515625 0.578125
vt 0.38375234375 0.578125
vt 0.40753984375 0.66277265625
vt 0.41015625 0.66730546875
vt 0.400390625 0.669921875
vt 0.40234375 0.62043046875
vt 0.40234375 0.62566328125
vt 0.392578125 0.623046875
vt 0.38898515625 0.56640625
vt 0.39421796875 0.56640625
vt 0.39421796875 0.578125
vt 0.38898515625 0.578125
vt 0.41015625 0.66730546875
vt 0.41015625 0.67253828125
vt 0.400390625 0.669921875
vt 0.39972734375 0.61589765625
vt 0.40234375 0.62043046875
vt 0.392578125 0.623046875
vt 0.39421796875 0.56640625
vt 0.39945078125 0.56640625
vt 0.39945078125 0.578125
vt 0.39421796875 0.578125
vt 0.41015625 0.67253828125
vt 0.40753984375 0.67707109375
vt 0.400390625 0.669921875
vt 0.39519453125 0.61328125
vt 0.39972734375 0.61589765625
vt 0.392578125 0.623046875
vt 0.43062734375 0.86328125
vt 0.43586015625 0.86328125
vt 0.43586015625 0.875
vt 0.43062734375 0.875
vt 0.40753984375 0.67707109375
vt 0.40300703125 0.6796875
vt 0.400390625 0.669921875
vt 0.38996171875 0.61328125
vt 0.39519453125 0.61328125
vt 0.392578125 0.623046875
vt 0.43586015625 0.86328125
vt 0.44109296875 0.86328125
vt 0.44109296875 0.875
vt 0.43586015625 0.875
vt 0.40300703125 0.6796875
vt 0.39777421875 0.6796875
vt 0.400390625 0.669921875
vt 0.38542890625 0.61589765625
vt 0.38996171875 0.61328125
vt 0.392578125 0.623046875
vt 0.44109296875 0.86328125
vt 0.44632578125 0.86328125
vt 0.44632578125 0.875
vt 0.44109296875 0.875
vt 0.39777421875 0.6796875
vt 0.39324140625 0.67707109375
vt 0.400390625 0.669921875
vt 0.3828125 0.62043046875
vt 0.38542890625 0.61589765625
vt 0.392578125 0.623046875
vt 0.10250234375 0.55859375
vt 0.10773515625 0.55859375
vt 0.10773515625 0.5703125
vt 0.10250234375 0.5703125
vt 0.39324140625 0.67707109375
vt 0.390625 0.67253828125
vt 0.400390625 0.669921875
vt 0.3828125 0.62566328125
vt 0.3828125 0.62043046875
vt 0.392578125 0.623046875
vt 0.10773515625 0.55859375
vt 0.11296796875 0.55859375
vt 0.11296796875 0.5703125
vt 0.10773515625 0.5703125
vt 0.390625 0.67253828125
vt 0.390625 0.66730546875
vt 0.400390625 0.669921875
vt 0.38542890625 0.63019609375
vt 0.3828125 0.62566328125
vt 0.392578125 0.623046875
vt 0.11296796875 0.55859375
vt 0.11820078125 0.55859375
vt 0.11820078125 0.5703125
vt 0.11296796875 0.5703125
vt 0.390625 0.66730546875
vt 0.39324140625 0.66277265625
vt 0.400390625 0.669921875
vt 0.38996171875 0.6328125
vt 0.38542890625 0.63019609375
vt 0.392578125 0.623046875
vt 0.41500234375 0.56640625
vt 0.42023515625 0.56640625
vt 0.42023515625 0.578125
vt 0.41500234375 0.578125
vt 0.39324140625 0.66277265625
vt 0.39777421875 0.66015625
vt 0.400390625 0.669921875
vt 0.39519453125 0.6328125
vt 0.38996171875 0.6328125
vt 0.392578125 0.623046875
vt 0.42023515625 0.56640625
vt 0.42546796875 0.56640625
vt 0.42546796875 0.578125
vt 0.42023515625 0.578125
vt 0.39777421875 0.66015625
vt 0.40300703125 0.66015625
vt 0.400390625 0.669921875
vt 0.14972734375 0.59894609375
vt 0.14519453125 0.6015625
vt 0.142578125 0.591796875
vt 0.21453046875 0.55859375
vt 0.21976328125 0.55859375
vt 0.21976328125 0.5703125
vt 0.21453046875 0.5703125
vt 0.41081953125 0.84765625
vt 0.41535234375 0.85027265625
vt 0.408203125 0.857421875
vt 0.15234375 0.59441328125
vt 0.14972734375 0.59894609375
vt 0.142578125 0.591796875
vt 0.13375234375 0.55859375
vt 0.13898515625 0.55859375
vt 0.13898515625 0.5703125
vt 0.13375234375 0.5703125
vt 0.41535234375 0.85027265625
vt 0.41796875 0.85480546875
vt 0.408203125 0.857421875
vt 0.15234375 0.58918046875
vt 0.15234375 0.59441328125
vt 0.142578125 0.591796875
vt 0.13898515625 0.55859375
vt 0.14421796875 0.55859375
vt 0.14421796875 0.5703125
vt 0.13898515625 0.5703125
vt 0.41796875 0.85480546875
vt 0.41796875 0.86003828125
vt 0.408203125 0.857421875
vt 0.14972734375 0.58464765625
vt 0.15234375 0.58918046875
vt 0.142578125 0.591796875
vt 0.14421796875 0.55859375
vt 0.14945078125 0.55859375
vt 0.14945078125 0.5703125
vt 0.14421796875 0.5703125
vt 0.41796875 0.86003828125
vt 0.41535234375 0.86457109375
vt 0.408203125 0.857421875
vt 0.14519453125 0.58203125
vt 0.14972734375 0.58464765625
vt 0.142578125 0.591796875
vt 0.43843984375 0.96484375
vt 0.44367265625 0.96484375
vt 0.44367265625 0.9765625
vt 0.43843984375 0.9765625
vt 0.41535234375 0.86457109375
vt 0.41081953125 0.8671875
vt 0.408203125 0.857421875
vt 0.13996171875 0.58203125
vt 0.14519453125 0.58203125
vt 0.142578125 0.591796875
vt 0.44367265625 0.96484375
vt 0.44890546875 0.96484375
vt 0.44890546875 0.9765625
vt 0.44367265625 0.9765625
vt 0.41081953125 0.8671875
vt 0.40558671875 0.8671875
vt 0.408203125 0.857421875
vt 0.13542890625 0.58464765625
vt 0.13996171875 0.58203125
vt 0.142578125 0.591796875
vt 0.44890546875 0.96484375
vt 0.45413828125 0.96484375
vt 0.45413828125 0.9765625
vt 0.44890546875 0.9765625
vt 0.40558671875 0.8671875
vt 0.40105390625 0.86457109375
vt 0.408203125 0.857421875
vt 0.1328125 0.58918046875
vt 0.13542890625 0.58464765625
vt 0.142578125 0.591796875
vt 0.32125234375 0.55859375
vt 0.32648515625 0.55859375
vt 0.32648515625 0.5703125
vt 0.32125234375 0.5703125
vt 0.40105390625 0.86457109375
vt 0.3984375 0.86003828125
vt 0.408203125 0.857421875
vt 0.1328125 0.59441328125
vt 0.1328125 0.58918046875
vt 0.142578125 0.591796875
vt 0.32648515625 0.55859375
vt 0.33171796875 0.55859375
vt 0.33171796875 0.5703125
vt 0.32648515625 0.5703125
vt 0.3984375 0.86003828125
vt 0.3984375 0.85480546875
vt 0.408203125 0.857421875
vt 0.13542890625 0.59894609375
vt 0.1328125 0.59441328125
vt 0.142578125 0.591796875
vt 0.33171796875 0.55859375
vt 0.33695078125 0.55859375
vt 0.33695078125 0.5703125
vt 0.33171796875 0.5703125
vt 0.3984375 0.85480546875
vt 0.40105390625 0.85027265625
vt 0.408203125 0.857421875
vt 0.13996171875 0.6015625
vt 0.13542890625 0.59894609375
vt 0.142578125 0.591796875
vt 0.20406484375 0.55859375
vt 0.20929765625 0.55859375
vt 0.20929765625 0.5703125
vt 0.20406484375 0.5703125
vt 0.40105390625 0.85027265625
vt 0.40558671875 0.84765625
vt 0.408203125 0.857421875
vt 0.14519453125 0.6015625
vt 0.13996171875 0.6015625
vt 0.142578125 0.591796875
vt 0.20929765625 0.55859375
vt 0.21453046875 0.55859375
vt 0.21453046875 0.5703125
vt 0.20929765625 0.5703125
vt 0.40558671875 0.84765625
vt 0.41081953125 0.84765625
vt 0.408203125 0.857421875
vt 0.41196953125 0.71665703125
vt 0.40834296875 0.71875
vt 0.40625 0.7109375
vt 0.28236640625 0.671875
vt 0.28655234375 0.671875
vt 0.28655234375 0.7734375
vt 0.28236640625 0.7734375
vt 0.36146796875 0.5859375
vt 0.36509453125 0.58803046875
vt 0.359375 0.59375
vt 0.4140625 0.71303046875
vt 0.41196953125 0.71665703125
vt 0.40625 0.7109375
vt 0.26618203125 0.78125
vt 0.27036796875 0.78125
vt 0.27036796875 0.8828125
vt 0.26618203125 0.8828125
vt 0.36509453125 0.58803046875
vt 0.3671875 0.59165703125
vt 0.359375 0.59375
vt 0.4140625 0.70884453125
vt 0.4140625 0.71303046875
vt 0.40625 0.7109375
vt 0.27036796875 0.78125
vt 0.27455390625 0.78125
vt 0.27455390625 0.8828125
vt 0.27036796875 0.8828125
vt 0.3671875 0.59165703125
vt 0.3671875 0.59584296875
vt 0.359375 0.59375
vt 0.41196953125 0.70521796875
vt 0.4140625 0.70884453125
vt 0.40625 0.7109375
vt 0.27455390625 0.78125
vt 0.27873984375 0.78125
vt 0.27873984375 0.8828125
vt 0.27455390625 0.8828125
vt 0.3671875 0.59584296875
vt 0.36509453125 0.59946953125
vt 0.359375 0.59375
vt 0.40834296875 0.703125
vt 0.41196953125 0.70521796875
vt 0.40625 0.7109375
vt 0.29743203125 0.671875
vt 0.30161796875 0.671875
vt 0.30161796875 0.7734375
vt 0.29743203125 0.7734375
vt 0.36509453125 0.59946953125
vt 0.36146796875 0.6015625
vt 0.359375 0.59375
vt 0.40415703125 0.703125
vt 0.40834296875 0.703125
vt 0.40625 0.7109375
vt 0.30161796875 0.671875
vt 0.30580390625 0.671875
vt 0.30580390625 0.7734375
vt 0.30161796875 0.7734375
vt 0.36146796875 0.6015625
vt 0.35728203125 0.6015625
vt 0.359375 0.59375
vt 0.40053046875 0.70521796875
vt 0.40415703125 0.703125
vt 0.40625 0.7109375
vt 0.30580390625 0.671875
vt 0.30998984375 0.671875
vt 0.30998984375 0.7734375
vt 0.30580390625 0.7734375
vt 0.35728203125 0.6015625
vt 0.35365546875 0.59946953125
vt 0.359375 0.59375
vt 0.3984375 0.70884453125
vt 0.40053046875 0.70521796875
vt 0.40625 0.7109375
vt 0.28961953125 0.78125
vt 0.29380546875 0.78125
vt 0.29380546875 0.8828125
vt 0.28961953125 0.8828125
vt 0.35365546875 0.59946953125
vt 0.3515625 0.59584296875
vt 0.359375 0.59375
vt 0.3984375 0.71303046875
vt 0.3984375 0.70884453125
vt 0.40625 0.7109375
vt 0.29380546875 0.78125
vt 0.29799140625 0.78125
vt 0.29799140625 0.8828125
vt 0.29380546875 0.8828125
vt 0.3515625 0.59584296875
vt 0.3515625 0.59165703125
vt 0.359375 0.59375
vt 0.40053046875 0.71665703125
vt 0.3984375 0.71303046875
vt 0.40625 0.7109375
vt 0.29799140625 0.78125
vt 0.30217734375 0.78125
vt 0.30217734375 0.8828125
vt 0.29799140625 0.8828125
vt 0.3515625 0.59165703125
vt 0.35365546875 0.58803046875
vt 0.359375 0.59375
vt 0.40415703125 0.71875
vt 0.40053046875 0.71665703125
vt 0.40625 0.7109375
vt 0.27399453125 0.671875
vt 0.27818046875 0.671875
vt 0.27818046875 0.7734375
vt 0.27399453125 0.7734375
vt 0.35365546875 0.58803046875
vt 0.35728203125 0.5859375
vt 0.359375 0.59375
vt 0.40834296875 0.71875
vt 0.40415703125 0.71875
vt 0.40625 0.7109375
vt 0.27818046875 0.671875
vt 0.28236640625 0.671875
vt 0.28236640625 0.7734375
vt 0.27818046875 0.7734375
vt 0.35728203125 0.5859375
vt 0.36146796875 0.5859375
vt 0.359375 0.59375
vt 0.34971171875 0.81769609375
vt 0.33974140625 0.8203125
vt 0.333984375 0.810546875
vt 0.36513203125 0.66796875
vt 0.375440625 0.66796875
vt 0.375440625 0.6796875
vt 0.36513203125 0.6796875
vt 0.34755390625 0.76953125
vt 0.35752421875 0.77214765625
vt 0.341796875 0.779296875
vt 0.35546875 0.81316328125
vt 0.34971171875 0.81769609375
vt 0.333984375 0.810546875
vt 0.375440625 0.66796875
vt 0.3827671875 0.66796875
vt 0.3827671875 0.6796875
vt 0.375440625 0.6796875
vt 0.35752421875 0.77214765625
vt 0.36328125 0.77668046875
vt 0.341796875 0.779296875
vt 0.35546875 0.80793046875
vt 0.35546875 0.81316328125
vt 0.333984375 0.810546875
vt 0.4453125 0.98828125
vt 0.451171875 0.98828125
vt 0.451171875 1
vt 0.4453125 1
vt 0.36328125 0.77668046875
vt 0.36328125 0.78191328125
vt 0.341796875 0.779296875
vt 0.34971171875 0.80339765625
vt 0.35546875 0.80793046875
vt 0.333984375 0.810546875
vt 0.3359828125 0.64453125
vt 0.343309375 0.64453125
vt 0.343309375 0.65625
vt 0.3359828125 0.65625
vt 0.36328125 0.78191328125
vt 0.35752421875 0.78644609375
vt 0.341796875 0.779296875
vt 0.33974140625 0.80078125
vt 0.34971171875 0.80339765625
vt 0.333984375 0.810546875
vt 0.343309375 0.64453125
vt 0.35361796875 0.64453125
vt 0.35361796875 0.65625
vt 0.343309375 0.65625
vt 0.35752421875 0.78644609375
vt 0.34755390625 0.7890625
vt 0.341796875 0.779296875
vt 0.32822734375 0.80078125
vt 0.33974140625 0.80078125
vt 0.333984375 0.810546875
vt 0.35361796875 0.64453125
vt 0.36513203125 0.64453125
vt 0.36513203125 0.65625
vt 0.35361796875 0.65625
vt 0.34755390625 0.7890625
vt 0.33603984375 0.7890625
vt 0.341796875 0.779296875
vt 0.31825703125 0.80339765625
vt 0.32822734375 0.80078125
vt 0.333984375 0.810546875
vt 0.36513203125 0.64453125
vt 0.375440625 0.64453125
vt 0.375440625 0.65625
vt 0.36513203125 0.65625
vt 0.33603984375 0.7890625
vt 0.32606953125 0.78644609375
vt 0.341796875 0.779296875
vt 0.3125 0.80793046875
vt 0.31825703125 0.80339765625
vt 0.333984375 0.810546875
vt 0.375440625 0.64453125
vt 0.3827671875 0.64453125
vt 0.3827671875 0.65625
vt 0.375440625 0.65625
vt 0.32606953125 0.78644609375
vt 0.3203125 0.78191328125
vt 0.341796875 0.779296875
vt 0.3125 0.81316328125
vt 0.3125 0.80793046875
vt 0.333984375 0.810546875
vt 0.4453125 0.94140625
vt 0.451171875 0.94140625
vt 0.451171875 0.953125
vt 0.4453125 0.953125
vt 0.3203125 0.78191328125
vt 0.3203125 0.77668046875
vt 0.341796875 0.779296875
vt 0.31825703125 0.81769609375
vt 0.3125 0.81316328125
vt 0.333984375 0.810546875
vt 0.3359828125 0.66796875
vt 0.343309375 0.66796875
vt 0.343309375 0.6796875
vt 0.3359828125 0.6796875
vt 0.3203125 0.77668046875
vt 0.32606953125 0.77214765625
vt 0.341796875 0.779296875
vt 0.32822734375 0.8203125
vt 0.31825703125 0.81769609375
vt 0.333984375 0.810546875
vt 0.343309375 0.66796875
vt 0.35361796875 0.66796875
vt 0.35361796875 0.6796875
vt 0.343309375 0.6796875
vt 0.32606953125 0.77214765625
vt 0.33603984375 0.76953125
vt 0.341796875 0.779296875
vt 0.33974140625 0.8203125
vt 0.32822734375 0.8203125
vt 0.333984375 0.810546875
vt 0.35361796875 0.66796875
vt 0.36513203125 0.66796875
vt 0.36513203125 0.6796875
vt 0.35361796875 0.6796875
vt 0.33603984375 0.76953125
vt 0.34755390625 0.76953125
vt 0.341796875 0.779296875
vt 0.36638359375 0.75519609375
vt 0.35822578125 0.7578125
vt 0.353515625 0.748046875
vt 0.38459296875 0.92578125
vt 0.39316015625 0.92578125
vt 0.39316015625 0.9375
vt 0.38459296875 0.9375
vt 0.27228828125 0.64453125
vt 0.28044609375 0.64714765625
vt 0.267578125 0.654296875
vt 0.37109375 0.75066328125
vt 0.36638359375 0.75519609375
vt 0.353515625 0.748046875
vt 0.39316015625 0.92578125
vt 0.399696875 0.92578125
vt 0.399696875 0.9375
vt 0.39316015625 0.9375
vt 0.28044609375 0.64714765625
vt 0.28515625 0.65168046875
vt 0.267578125 0.654296875
vt 0.37109375 0.74543046875
vt 0.37109375 0.75066328125
vt 0.353515625 0.748046875
vt 0.4453125 0.91796875
vt 0.451171875 0.91796875
vt 0.451171875 0.9296875
vt 0.4453125 0.9296875
vt 0.28515625 0.65168046875
vt 0.28515625 0.65691328125
vt 0.267578125 0.654296875
vt 0.36638359375 0.74089765625
vt 0.37109375 0.74543046875
vt 0.353515625 0.748046875
vt 0.36788125 0.87890625
vt 0.37441796875 0.87890625
vt 0.37441796875 0.890625
vt 0.36788125 0.890625
vt 0.28515625 0.65691328125
vt 0.28044609375 0.66144609375
vt 0.267578125 0.654296875
vt 0.35822578125 0.73828125
vt 0.36638359375 0.74089765625
vt 0.353515625 0.748046875
vt 0.37441796875 0.87890625
vt 0.38298515625 0.87890625
vt 0.38298515625 0.890625
vt 0.37441796875 0.890625
vt 0.28044609375 0.66144609375
vt 0.27228828125 0.6640625
vt 0.267578125 0.654296875
vt 0.34880546875 0.73828125
vt 0.35822578125 0.73828125
vt 0.353515625 0.748046875
vt 0.38298515625 0.87890625
vt 0.39240546875 0.87890625
vt 0.39240546875 0.890625
vt 0.38298515625 0.890625
vt 0.27228828125 0.6640625
vt 0.26286796875 0.6640625
vt 0.267578125 0.654296875
vt 0.34064765625 0.74089765625
vt 0.34880546875 0.73828125
vt 0.353515625 0.748046875
vt 0.39240546875 0.87890625
vt 0.40097265625 0.87890625
vt 0.40097265625 0.890625
vt 0.39240546875 0.890625
vt 0.26286796875 0.6640625
vt 0.25471015625 0.66144609375
vt 0.267578125 0.654296875
vt 0.3359375 0.74543046875
vt 0.34064765625 0.74089765625
vt 0.353515625 0.748046875
vt 0.40097265625 0.87890625
vt 0.407509375 0.87890625
vt 0.407509375 0.890625
vt 0.40097265625 0.890625
vt 0.25471015625 0.66144609375
vt 0.25 0.65691328125
vt 0.267578125 0.654296875
vt 0.3359375 0.75066328125
vt 0.3359375 0.74543046875
vt 0.353515625 0.748046875
vt 0.4453125 0.77734375
vt 0.451171875 0.77734375
vt 0.451171875 0.7890625
vt 0.4453125 0.7890625
vt 0.25 0.65691328125
vt 0.25 0.65168046875
vt 0.267578125 0.654296875
vt 0.34064765625 0.75519609375
vt 0.3359375 0.75066328125
vt 0.353515625 0.748046875
vt 0.36006875 0.92578125
vt 0.36660546875 0.92578125
vt 0.36660546875 0.9375
vt 0.36006875 0.9375
vt 0.25 0.65168046875
vt 0.25471015625 0.64714765625
vt 0.267578125 0.654296875
vt 0.34880546875 0.7578125
vt 0.34064765625 0.75519609375
vt 0.353515625 0.748046875
vt 0.36660546875 0.92578125
vt 0.37517265625 0.92578125
vt 0.37517265625 0.9375
vt 0.36660546875 0.9375
vt 0.25471015625 0.64714765625
vt 0.26286796875 0.64453125
vt 0.267578125 0.654296875
vt 0.35822578125 0.7578125
vt 0.34880546875 0.7578125
vt 0.353515625 0.748046875
vt 0.37517265625 0.92578125
vt 0.38459296875 0.92578125
vt 0.38459296875 0.9375
vt 0.37517265625 0.9375
vt 0.26286796875 0.64453125
vt 0.27228828125 0.64453125
vt 0.267578125 0.654296875
vt 0.15311015625 0.63019609375
vt 0.14767109375 0.6328125
vt 0.14453125 0.623046875
vt 0.38790546875 0.58984375
vt 0.39394140625 0.58984375
vt 0.39394140625 0.6015625
vt 0.38790546875 0.6015625
vt 0.38204609375 0.84765625
vt 0.38748515625 0.85027265625
vt 0.37890625 0.857421875
vt 0.15625 0.62566328125
vt 0.15311015625 0.63019609375
vt 0.14453125 0.623046875
vt 0.406909375 0.80078125
vt 0.41242265625 0.80078125
vt 0.41242265625 0.8125
vt 0.406909375 0.8125
vt 0.38748515625 0.85027265625
vt 0.390625 0.85480546875
vt 0.37890625 0.857421875
vt 0.15625 0.62043046875
vt 0.15625 0.62566328125
vt 0.14453125 0.623046875
vt 0.41242265625 0.80078125
vt 0.41765546875 0.80078125
vt 0.41765546875 0.8125
vt 0.41242265625 0.8125
vt 0.390625 0.85480546875
vt 0.390625 0.86003828125
vt 0.37890625 0.857421875
vt 0.15311015625 0.61589765625
vt 0.15625 0.62043046875
vt 0.14453125 0.623046875
vt 0.41765546875 0.80078125
vt 0.42316875 0.80078125
vt 0.42316875 0.8125
vt 0.41765546875 0.8125
vt 0.390625 0.86003828125
vt 0.38748515625 0.86457109375
vt 0.37890625 0.857421875
vt 0.14767109375 0.61328125
vt 0.15311015625 0.61589765625
vt 0.14453125 0.623046875
vt 0.40683984375 0.95703125
vt 0.41287578125 0.95703125
vt 0.41287578125 0.96875
vt 0.40683984375 0.96875
vt 0.38748515625 0.86457109375
vt 0.38204609375 0.8671875
vt 0.37890625 0.857421875
vt 0.14139140625 0.61328125
vt 0.14767109375 0.61328125
vt 0.14453125 0.623046875
vt 0.41287578125 0.95703125
vt 0.41915546875 0.95703125
vt 0.41915546875 0.96875
vt 0.41287578125 0.96875
vt 0.38204609375 0.8671875
vt 0.37576640625 0.8671875
vt 0.37890625 0.857421875
vt 0.13595234375 0.61589765625
vt 0.14139140625 0.61328125
vt 0.14453125 0.623046875
vt 0.41915546875 0.95703125
vt 0.42519140625 0.95703125
vt 0.42519140625 0.96875
vt 0.41915546875 0.96875
vt 0.37576640625 0.8671875
vt 0.37032734375 0.86457109375
vt 0.37890625 0.857421875
vt 0.1328125 0.62043046875
vt 0.13595234375 0.61589765625
vt 0.14453125 0.623046875
vt 0.203784375 0.58203125
vt 0.20929765625 0.58203125
vt 0.20929765625 0.59375
vt 0.203784375 0.59375
vt 0.37032734375 0.86457109375
vt 0.3671875 0.86003828125
vt 0.37890625 0.857421875
vt 0.1328125 0.62566328125
vt 0.1328125 0.62043046875
vt 0.14453125 0.623046875
vt 0.20929765625 0.58203125
vt 0.21453046875 0.58203125
vt 0.21453046875 0.59375
vt 0.20929765625 0.59375
vt 0.3671875 0.86003828125
vt 0.3671875 0.85480546875
vt 0.37890625 0.857421875
vt 0.13595234375 0.63019609375
vt 0.1328125 0.62566328125
vt 0.14453125 0.623046875
vt 0.21453046875 0.58203125
vt 0.22004375 0.58203125
vt 0.22004375 0.59375
vt 0.21453046875 0.59375
vt 0.3671875 0.85480546875
vt 0.37032734375 0.85027265625
vt 0.37890625 0.857421875
vt 0.14139140625 0.6328125
vt 0.13595234375 0.63019609375
vt 0.14453125 0.623046875
vt 0.37558984375 0.58984375
vt 0.38162578125 0.58984375
vt 0.38162578125 0.6015625
vt 0.37558984375 0.6015625
vt 0.37032734375 0.85027265625
vt 0.37576640625 0.84765625
vt 0.37890625 0.857421875
vt 0.14767109375 0.6328125
vt 0.14139140625 0.6328125
vt 0.14453125 0.623046875
vt 0.38162578125 0.58984375
vt 0.38790546875 0.58984375
vt 0.38790546875 0.6015625
vt 0.38162578125 0.6015625
vt 0.37576640625 0.84765625
vt 0.38204609375 0.84765625
vt 0.37890625 0.857421875
vt 0.625 0.40625
vt 0.625 0.359375
vt 0.671875 0.359375
vt 0.671875 0.40625
vt 0.1947171875 0.4651815625
vt 0.1865421875 0.5359284375
vt 0.1709171875 0.5359284375
vt 0.1600296875 0.4651815625
vt 0.168376875 0.548174375
vt 0.184001875 0.548174375
vt 0.184001875 0.5006525
vt 0.168376875 0.5006525
vt 0.7223221875 0.7967875
vt 0.7295721875 0.84375
vt 0.6875 0.84375
vt 0.6875 0.7969640625
vt 0.734375 0.7109375
vt 0.734375 0.75
vt 0.6875 0.74275
vt 0.68767625 0.7109375
vt 0.18643625 0.5377375
vt 0.199935 0.5568968750000001
vt 0.153375 0.5514728125
vt 0.17091625 0.535929375
vt 0.150593125 0.5634406249999999
vt 0.204875 0.5617828125
vt 0.18386625 0.5502262499999999
vt 0.1683765625 0.5481746875
vt 0.0950621875 0.328125
vt 0.1393128125 0.3837071875
vt 0.0950621875 0.3991709375
vt 0.1411221875 0.453125
vt 0.0964140625 0.4670078125
vt 0.1537765625 0.5026706249999999
vt 0.564229375 0.8828125
vt 0.724833125 0.8828125
vt 0.659420625 0.90625
vt 0.624733125 0.90625
vt 0.184001875 0.5006525
vt 0.2134640625 0.45357531250000005
vt 0.1411221875 0.453125
vt 0.168376875 0.5006525
vt 0.196368125 0.502195
vt 0.1840009375 0.5006540625
vt 0.1847534375 0.5481703124999999
vt 0.215845625 0.5309790624999999
vt 0.1865425 0.5359262499999999
vt 0.1947171875 0.4651815625
vt 0.19917125 0.4824928125
vt 0.168376875 0.548174375
vt 0.168376875 0.5006521875000001
vt 0.15381375 0.5029109375
vt 0.1370053125 0.531475625
vt 0.16003 0.4651834375
vt 0.1709171875 0.5359284375
vt 0.15605875 0.48303375000000004
vt 0.2638796875 0.45316718749999996
vt 0.1991715625 0.48249375000000005
vt 0.1947171875 0.4651815625
vt 0.0954953125 0.453125
vt 0.16003 0.4651834375
vt 0.1560584375 0.4830353125
vt 0.2134640625 0.45357531250000005
vt 0.1840009375 0.5006540625
vt 0.196366875 0.5021946875000001
vt 0.1411221875 0.453125
vt 0.1537775 0.502674375
vt 0.1683778125 0.500654375
vt 0.2040940625 0.551460625
vt 0.1865425 0.5359262499999999
vt 0.2182821875 0.511853125
vt 0.153375 0.5514728125
vt 0.13916375 0.51187375
vt 0.1709171875 0.5359284375
vt 0.2027778125 0.56315125
vt 0.2160859375 0.53084625
vt 0.1847534375 0.5481703124999999
vt 0.150593125 0.5634406249999999
vt 0.168376875 0.548174375
vt 0.1367721875 0.5313518749999999
vt 0.140625 0.59375
vt 0.140625 0.625
vt 0.09375 0.625
vt 0.09375 0.59375
vt 0.703125 0.65625
vt 0.65625 0.65625
vt 0.65625 0.625
vt 0.703125 0.625
vt 0.6151646875 0.7470878125
vt 0.5638828125 0.703125
vt 0.6314296875 0.703125
vt 0.1560590625 0.4830353125
vt 0.1709171875 0.5359284375
vt 0.1391634375 0.5118734375
vt 0.1865425 0.5359262499999999
vt 0.199171875 0.48249031249999996
vt 0.2182815625 0.51185375
vt 0.6707465625 0.984375
vt 0.7430890625 0.984375
vt 0.78733125 0.999014375
vt 0.62673125 1
vt 0.142578125 0.453125
vt 0.20703125 0.455078125
vt 0.1617459375 0.47924437499999994
vt 0.09927375 0.46365437499999995
vt 0.2005209375 0.4635415625
vt 0.2552084375 0.4635415625
vt 0.2005209375 0.5104165625
vt 0.1953125 0.453125
vt 0.2578125 0.453125
vt 0.171875 0.470703125
vt 0.16015625 0.46484375
vn -0.3826834323650897 -0.9238795325112867 0
vn 0.46194758817039544 -0.19134495612571892 0.8660205156627652
vn 0.3826834323650897 0.9238795325112867 0
vn -0.3826834323650897 -0.9238795325112867 0
vn 0.800098629155699 -0.33141170343241194 0.500008466379519
vn 0.3826834323650897 0.9238795325112867 0
vn -0.3826834323650897 -0.9238795325112867 0
vn 0.9238795325112867 -0.3826834323650897 0
vn 0.3826834323650897 0.9238795325112867 0
vn -0.3826834323650897 -0.9238795325112867 0
vn 0.800098629155699 -0.33141170343241194 -0.500008466379519
vn 0.3826834323650897 0.9238795325112867 0
vn -0.3826834323650897 -0.9238795325112867 0
vn 0.46194758817039544 -0.19134495612571892 -0.8660205156627652
vn 0.3826834323650897 0.9238795325112867 0
vn -0.3826834323650897 -0.9238795325112867 0
vn 0 0 -1
vn 0.3826834323650897 0.9238795325112867 0
vn -0.3826834323650897 -0.9238795325112867 0
vn -0.46194758817039544 0.19134495612571892 -0.8660205156627652
vn 0.3826834323650897 0.9238795325112867 0
vn -0.3826834323650897 -0.9238795325112867 0
vn -0.800098629155699 0.33141170343241194 -0.500008466379519
vn 0.3826834323650897 0.9238795325112867 0
vn -0.3826834323650897 -0.9238795325112867 0
vn -0.9238795325112867 0.3826834323650897 0
vn 0.3826834323650897 0.9238795325112867 0
vn -0.3826834323650897 -0.9238795325112867 0
vn -0.800098629155699 0.33141170343241194 0.500008466379519
vn 0.3826834323650897 0.9238795325112867 0
vn -0.3826834323650897 -0.9238795325112867 0
vn -0.46194758817039544 0.19134495612571892 0.8660205156627652
vn 0.3826834323650897 0.9238795325112867 0
vn -0.3826834323650897 -0.9238795325112867 0
vn 0 0 1
vn 0.3826834323650897 0.9238795325112867 0
vn -0.38268343236508656 -0.9238795325112883 6.1534727579822094e-15
vn 0.46194201614472835 -0.19134264811711788 0.8660239977804729
vn 0.3826834323651021 0.9238795325112819 -3.5527322247388965e-15
vn -0.3826834323650842 -0.9238795325112893 3.55273222473892e-15
vn 0.8001018462129802 -0.331413035981169 0.5000024352623945
vn 0.3826834323650954 0.9238795325112844 3.552732224738908e-15
vn -0.3826834323650833 -0.9238795325112896 0
vn 0.9238795325112868 -0.3826834323650901 0
vn 0.3826834323650963 0.9238795325112841 0
vn -0.3826834323650842 -0.9238795325112893 -3.55273222473892e-15
vn 0.8001018462129802 -0.331413035981169 -0.5000024352623945
vn 0.3826834323650954 0.9238795325112844 -3.552732224738908e-15
vn -0.38268343236508656 -0.9238795325112883 -6.1534727579822094e-15
vn 0.4619420161447284 -0.19134264811711774 -0.866023997780473
vn 0.3826834323651021 0.9238795325112819 3.5527322247388965e-15
vn -0.3826834323650897 -0.9238795325112867 -7.105427357601002e-15
vn 0 0 -1
vn 0.38268343236507746 0.9238795325112918 -3.552713678800501e-15
vn -0.382683432365093 -0.9238795325112854 -6.153472757982198e-15
vn -0.4619420161447284 0.19134264811711774 -0.866023997780473
vn 0.3826834323650987 0.9238795325112831 -9.70620498272111e-15
vn -0.3826834323650954 -0.9238795325112844 -3.552732224738908e-15
vn -0.8001018462129805 0.33141303598116884 -0.5000024352623945
vn 0.3826834323650897 0.9238795325112867 0
vn -0.3826834323650963 -0.9238795325112841 0
vn -0.9238795325112867 0.3826834323650897 0
vn 0.3826834323650897 0.9238795325112867 0
vn -0.3826834323650954 -0.9238795325112844 3.552732224738908e-15
vn -0.8001018462129805 0.33141303598116884 0.5000024352623945
vn 0.3826834323650897 0.9238795325112867 0
vn -0.382683432365093 -0.9238795325112854 6.153472757982198e-15
vn -0.46194201614472835 0.19134264811711788 0.8660239977804729
vn 0.3826834323650987 0.9238795325112831 9.70620498272111e-15
vn -0.3826834323650897 -0.9238795325112867 7.105427357601002e-15
vn 0 0 1
vn 0.38268343236507746 0.9238795325112918 3.552713678800501e-15
vn 0.670205936640122 -0.7421751831557944 0
vn -0.7092987680502283 -0.7049079781378761 0
vn -1.1102230246251565e-16 1 0
vn -0.7013663980150089 -0.7128009369630852 0
vn 0.06193922295670928 -0.4155008084984069 0.9074814658144206
vn 0.06193922295670928 -0.4155008084984069 -0.9074814658144206
vn 0.09745270738868256 0.9952401568579394 0
vn -0.9619725896397089 0.2731459990222672 0
vn -0.06778785383816248 -0.09495673832818546 0.9931706926395325
vn -0.06778785383816247 -0.09495673832818544 -0.9931706926395325
vn 0.9997553647446861 0.022118107157260928 0
vn -0.5244305258179268 -0.8514532421632633 0
vn 0.15365013912357442 0.05830061946910243 0.9864039094188676
vn 0.15365013912357442 0.058300619469102415 -0.9864039094188674
vn 0.6020444892751503 -0.3324000659932394 -0.725983904133634
vn 0.6020444892751503 -0.3324000659932394 0.7259839041336341
vn 0 0 -1
vn 0 0 1
vn -0.03718215895158127 0.02052896805709017 0.9990976171156702
vn -0.02402033369277902 -0.2018817779933297 0.9791153003010113
vn -0.03718215895158127 0.02052896805709017 -0.9990976171156702
vn -0.02402033369277902 -0.2018817779933297 -0.9791153003010113
vn 0.09122795860231757 0.12779146857040583 0.9875964763656628
vn -0.15344351678491955 -0.013878720595793991 0.9880599517596593
vn 0.09122795860231757 0.12779146857040583 -0.9875964763656628
vn -0.15344351678491955 -0.013878720595793991 -0.9880599517596593
vn 0.26316699151109046 -0.03988621230438092 0.963925424836907
vn 0.26316699151109046 -0.03988621230438092 -0.963925424836907
vn 0.5258346485171206 -0.6635248021876994 -0.5321961661837209
vn 0.5258346485171207 -0.6635248021876995 0.5321961661837209
vn -0.3826834323650877 -0.9238795325112876 -5.921092791199208e-16
vn 0.4619327294993632 -0.1913388014626585 0.8660298011454927
vn 0.3826834323650659 0.9238795325112968 2.5883095430573403e-14
vn -0.3826834323650904 -0.9238795325112867 2.2098027435307572e-15
vn 0.8001072078231402 -0.3314152568328132 0.4999923834698874
vn 0.3826834323650897 0.9238795325112867 0
vn -0.3826834323650897 -0.9238795325112867 0
vn 0.9238795325112867 -0.3826834323650898 0
vn 0.3826834323650897 0.9238795325112867 0
vn -0.3826834323650904 -0.9238795325112867 -2.2098027435307572e-15
vn 0.8001072078231402 -0.33141525683281314 -0.4999923834698874
vn 0.3826834323650897 0.9238795325112867 0
vn -0.3826834323650877 -0.9238795325112876 5.921092791199208e-16
vn 0.46193272949936315 -0.1913388014626585 -0.8660298011454927
vn 0.3826834323650659 0.9238795325112968 -2.5883095430573397e-14
vn -0.3826834323650897 -0.9238795325112867 0
vn 0 0 -1
vn 0.38268343236512237 0.9238795325112732 -9.473903143468002e-15
vn -0.3826834323650877 -0.9238795325112876 -5.921092791199208e-16
vn -0.46193272949936315 0.1913388014626585 -0.8660298011454927
vn 0.3826834323650571 0.9238795325113003 9.473748465918606e-15
vn -0.3826834323650919 -0.9238795325112861 3.827496207941592e-15
vn -0.8001072078231402 0.3314152568328131 -0.4999923834698874
vn 0.3826834323650986 0.9238795325112833 -3.5356843896492034e-14
vn -0.38268343236509084 -0.9238795325112863 0
vn -0.923879532511287 0.3826834323650898 0
vn 0.3826834323650897 0.9238795325112867 0
vn -0.3826834323650919 -0.9238795325112861 -3.827496207941592e-15
vn -0.8001072078231404 0.3314152568328132 0.49999238346988745
vn 0.3826834323650986 0.9238795325112833 3.5356843896492034e-14
vn -0.3826834323650877 -0.9238795325112876 5.921092791199208e-16
vn -0.4619327294993632 0.19133880146265853 0.8660298011454927
vn 0.3826834323650571 0.9238795325113003 -9.473748465918606e-15
vn -0.3826834323650897 -0.9238795325112867 0
vn 0 0 1
vn 0.38268343236512237 0.9238795325112732 9.473903143468002e-15
vn -0.3826834323650897 -0.9238795325112867 0
vn 0.2160891596249176 -0.08950706059844549 0.972262290328913
vn 0.3826834323650897 0.9238795325112867 0
vn -0.3826834323650897 -0.9238795325112867 0
vn 0.5406542291113996 -0.22394631425231232 0.8108890509044766
vn 0.3826834323650901 0.9238795325112866 -9.706267725131183e-16
vn -0.3826834323650897 -0.9238795325112867 0
vn 0.9238795325112867 -0.3826834323650897 0
vn 0.3826834323650901 0.9238795325112868 0
vn -0.3826834323650897 -0.9238795325112867 0
vn 0.5406542291113996 -0.22394631425231232 -0.8108890509044766
vn 0.3826834323650901 0.9238795325112866 9.706267725131181e-16
vn -0.3826834323650897 -0.9238795325112867 0
vn 0.21608915962491757 -0.08950706059844556 -0.972262290328913
vn 0.3826834323650897 0.9238795325112867 0
vn -0.3826834323650897 -0.9238795325112867 0
vn 0 0 -1
vn 0.3826834323650897 0.9238795325112867 0
vn -0.3826834323650897 -0.9238795325112867 0
vn -0.21608915962491757 0.08950706059844556 -0.972262290328913
vn 0.3826834323650897 0.9238795325112867 0
vn -0.3826834323650897 -0.9238795325112867 0
vn -0.5406542291113998 0.2239463142523122 -0.8108890509044767
vn 0.3826834323650901 0.9238795325112866 -9.706267725131181e-16
vn -0.3826834323650897 -0.9238795325112867 0
vn -0.9238795325112868 0.38268343236508945 0
vn 0.3826834323650901 0.9238795325112868 0
vn -0.3826834323650897 -0.9238795325112867 0
vn -0.5406542291113995 0.22394631425231248 0.8108890509044766
vn 0.3826834323650901 0.9238795325112866 9.706267725131181e-16
vn -0.3826834323650897 -0.9238795325112867 0
vn -0.21608915962491757 0.08950706059844556 0.972262290328913
vn 0.3826834323650897 0.9238795325112867 0
vn -0.3826834323650897 -0.9238795325112867 0
vn 0 0 1
vn 0.3826834323650897 0.9238795325112867 0
vn -0.3826834323650897 -0.9238795325112867 0
vn 0.35222811824789807 -0.14589766362743362 0.9244724033001748
vn 0.3826834323650897 0.9238795325112867 -1.1102166647275297e-17
vn -0.3826834323650897 -0.9238795325112867 0
vn 0.7185110579911221 -0.2976170249349643 0.6286222761033363
vn 0.3826834323650898 0.9238795325112867 -7.989419379052822e-17
vn -0.3826834323650897 -0.9238795325112867 0
vn 0.9238795325112868 -0.38268343236508995 0
vn 0.3826834323650898 0.9238795325112867 0
vn -0.3826834323650897 -0.9238795325112867 0
vn 0.7185110579911222 -0.2976170249349642 -0.6286222761033364
vn 0.3826834323650898 0.9238795325112867 7.989419379052822e-17
vn -0.3826834323650897 -0.9238795325112867 0
vn 0.35222811824789807 -0.1458976636274336 -0.9244724033001748
vn 0.3826834323650897 0.9238795325112867 1.1102166647275297e-17
vn -0.3826834323650897 -0.9238795325112867 0
vn 0 0 -1
vn 0.3826834323650897 0.9238795325112867 -1.1102230246251564e-17
vn -0.3826834323650897 -0.9238795325112867 0
vn -0.35222811824789796 0.14589766362743356 -0.9244724033001748
vn 0.3826834323650898 0.923879532511287 -8.127446087757128e-18
vn -0.3826834323650897 -0.9238795325112867 0
vn -0.718511057991122 0.2976170249349642 -0.6286222761033365
vn 0.3826834323650897 0.9238795325112867 -8.286895241374624e-17
vn -0.3826834323650897 -0.9238795325112867 0
vn -0.9238795325112868 0.38268343236508995 0
vn 0.3826834323650897 0.9238795325112867 0
vn -0.3826834323650897 -0.9238795325112867 0
vn -0.718511057991122 0.2976170249349641 0.6286222761033365
vn 0.3826834323650897 0.9238795325112867 8.286895241374624e-17
vn -0.3826834323650897 -0.9238795325112867 0
vn -0.352228118247898 0.14589766362743348 0.9244724033001748
vn 0.3826834323650898 0.923879532511287 8.127446087757127e-18
vn -0.3826834323650897 -0.9238795325112867 0
vn 0 0 1
vn 0.3826834323650897 0.9238795325112867 1.1102230246251566e-17
vn 0.8179503089037452 -0.5752888771428387 0
vn -0.11630685234185378 0.993213328594784 0
vn -0.2164396139381029 -0.9762960071199335 0
vn 0 0 1
vn 0 0 -1
vn 0.7216402312069026 0.6922682837626235 0
vn -0.05845979137126118 0.15079587011164464 0.9868348688357645
vn -0.05845979137126118 0.15079587011164464 -0.9868348688357645
vn 0.36146294223976744 -0.9323864764073806 0
vn -0.2332376395797666 -0.9724197671187372 0
vn 0.1417351157447258 0.13596626280300378 0.9805224792651179
vn 0.1417351157447258 0.13596626280300378 -0.9805224792651179
vn 0.06494224437192929 -0.014397348957310301 -0.9977851578566089
vn 0.06494224437192929 -0.014397348957310301 0.9977851578566089
vn 0.11128587117505806 0.6989450442486703 -0.706463926890137
vn 0.11128587117505803 0.6989450442486702 0.706463926890137
vn 0.0431320466975037 -0.11125825732323055 0.9928550884822428
vn -0.14927212044011634 -0.42431311935695937 0.8931272086331701
vn 0.0431320466975037 -0.11125825732323055 -0.9928550884822428
vn -0.14927212044011634 -0.42431311935695937 -0.8931272086331701
vn 0.023641038732741065 0.022678809470626726 0.9994632423899501
vn 0.023641038732741065 0.022678809470626726 -0.9994632423899501
vn 0.0791765088537486 0.4404442547702198 -0.8942818006007046
vn 0.10762601417602387 0.43418338926673206 0.8943720845137308
vn 0 0 -1
vn -0.03459958565318497 -0.04262788061371812 0.9984917287924876
vn 0.9459514862813716 -0.3243081645627567 0
vn -0.8982092129795384 0.43956820826656523 0
vn 0.38268343236506347 0.9238795325112976 0
vn -0.3826834323650897 -0.9238795325112867 0
vn 0.023871136650916246 0.05763002185190347 0.9980525784828886
vn 0.023871136650916246 0.05763002185190347 -0.9980525784828886
vn 0.9593903377080614 -0.28208186739386876 0
vn -0.8778534148821914 0.4789294123142525 0
vn 0.05742810487630812 0.1386437096537787 0.9886758490747888
vn 0.05742810487630812 0.1386437096537787 -0.9886758490747888
vn 0.803480434043884 -0.5953311617147653 0
vn -0.9891091649633165 0.14718376196296512 0
vn -0.15751683548797957 -0.3161635946601948 0.9355367592721288
vn -0.15751683548797954 -0.31616359466019467 -0.9355367592721288
vn 0.7521499082665355 -0.21682977212346594 -0.6222984536502787
vn 0.7521499082665355 -0.21682977212346594 0.6222984536502787
vn -0.6851721028357358 0.37852849837246766 -0.6222984536502889
vn -0.6851721028357358 0.37852849837246766 0.6222984536502889
vn 0.5625307698149723 -0.5767852676248238 0.5923494644737473
vn -0.8070413085850566 -0.020765937734908146 0.5901297332513499
vn 0.5625307698149723 -0.5767852676248238 -0.5923494644737473
vn -0.8070413085850566 -0.020765937734908146 -0.5901297332513499
vn 0.770372614691241 -0.1579122541920275 0.6177295156537151
vn -0.6563965256602275 0.433074874116952 0.617729515653711
vn 0.770372614691241 -0.1579122541920275 -0.6177295156537151
vn -0.6563965256602275 0.433074874116952 -0.617729515653711
vn -0.3826834323650897 -0.9238795325112867 0
vn 0.4619475881703932 -0.19134495612571673 0.8660205156627667
vn 0.3826834323650799 0.9238795325112908 2.842222524279279e-15
vn -0.3826834323650897 -0.9238795325112867 0
vn 0.8000986291556991 -0.33141170343241194 0.5000084663795185
vn 0.3826834323650853 0.9238795325112888 -2.842222524279295e-15
vn -0.3826834323650897 -0.9238795325112867 0
vn 0.9238795325112867 -0.3826834323650897 0
vn 0.38268343236508445 0.923879532511289 0
vn -0.3826834323650897 -0.9238795325112867 0
vn 0.8000986291556998 -0.33141170343241005 -0.5000084663795185
vn 0.3826834323650853 0.9238795325112888 2.842222524279295e-15
vn -0.3826834323650897 -0.9238795325112867 0
vn 0.46194758817039233 -0.1913449561257189 -0.8660205156627667
vn 0.3826834323650799 0.9238795325112908 -2.842222524279279e-15
vn -0.3826834323650897 -0.9238795325112867 0
vn 0 0 -1
vn 0.3826834323650897 0.9238795325112867 0
vn -0.3826834323650897 -0.9238795325112867 0
vn -0.4619475881703954 0.1913449561257176 -0.8660205156627654
vn 0.3826834323650897 0.9238795325112867 0
vn -0.38268343236508257 -0.9238795325112897 -7.764985200534357e-15
vn -0.8000986291556971 0.33141170343241116 -0.5000084663795225
vn 0.38268343236508257 0.9238795325112897 7.764985200534398e-15
vn -0.38268343236508445 -0.923879532511289 0
vn -0.9238795325112867 0.3826834323650897 0
vn 0.38268343236508445 0.923879532511289 0
vn -0.38268343236508257 -0.9238795325112897 7.764985200534357e-15
vn -0.8000986291556978 0.3314117034324093 0.5000084663795226
vn 0.38268343236508257 0.9238795325112897 -7.764985200534398e-15
vn -0.3826834323650897 -0.9238795325112867 0
vn -0.46194758817039494 0.1913449561257187 0.8660205156627654
vn 0.3826834323650897 0.9238795325112867 0
vn -0.3826834323650897 -0.9238795325112867 0
vn 0 0 1
vn 0.3826834323650897 0.9238795325112867 0
vn -0.382683432365097 -0.923879532511284 7.76498520053442e-15
vn 0.46194758817039655 -0.19134495612572064 0.8660205156627641
vn 0.3826834323650897 0.9238795325112867 0
vn -0.38268343236508257 -0.9238795325112897 -7.764985200534368e-15
vn 0.800098629155697 -0.3314117034324111 0.5000084663795225
vn 0.3826834323650897 0.9238795325112867 0
vn -0.38268343236508445 -0.923879532511289 0
vn 0.9238795325112867 -0.3826834323650897 0
vn 0.3826834323650897 0.9238795325112867 0
vn -0.38268343236508257 -0.9238795325112897 7.764985200534368e-15
vn 0.8000986291556962 -0.331411703432413 -0.5000084663795225
vn 0.3826834323650897 0.9238795325112867 0
vn -0.382683432365097 -0.923879532511284 -7.76498520053442e-15
vn 0.461947588170397 -0.19134495612571953 -0.8660205156627641
vn 0.3826834323650897 0.9238795325112867 0
vn -0.3826834323650799 -0.9238795325112908 -2.8421709430403705e-15
vn 0 0 -1
vn 0.3826834323650897 0.9238795325112867 0
vn -0.38268343236509966 -0.9238795325112829 2.8422225242792385e-15
vn -0.4619475881703945 0.1913449561257198 -0.8660205156627654
vn 0.3826834323650799 0.9238795325112908 2.842222524279279e-15
vn -0.3826834323650799 -0.9238795325112908 -1.8372192925348052e-14
vn -0.8000986291556984 0.3314117034324139 -0.5000084663795186
vn 0.3826834323650853 0.9238795325112888 -2.842222524279276e-15
vn -0.38268343236508445 -0.923879532511289 0
vn -0.9238795325112861 0.382683432365092 0
vn 0.38268343236508445 0.923879532511289 0
vn -0.3826834323650799 -0.9238795325112908 1.8372192925348052e-14
vn -0.8000986291556985 0.3314117034324139 0.5000084663795185
vn 0.3826834323650853 0.9238795325112888 2.842222524279276e-15
vn -0.38268343236509966 -0.9238795325112829 -2.8422225242792385e-15
vn -0.46194758817039483 0.19134495612571864 0.8660205156627654
vn 0.3826834323650799 0.9238795325112908 -2.842222524279279e-15
vn -0.3826834323650799 -0.9238795325112908 2.8421709430403705e-15
vn 0 0 1
vn 0.3826834323650897 0.9238795325112867 0
vn -0.3826834323650871 -0.9238795325112878 4.9227626762551304e-15
vn 0.46194758817039494 -0.1913449561257187 0.8660205156627655
vn 0.3826834323650897 0.9238795325112867 0
vn -0.3826834323650853 -0.9238795325112888 2.842222524279276e-15
vn 0.8000986291556983 -0.33141170343241383 0.5000084663795185
vn 0.3826834323650897 0.9238795325112867 0
vn -0.38268343236508445 -0.923879532511289 0
vn 0.9238795325112861 -0.382683432365092 0
vn 0.3826834323650897 0.9238795325112867 0
vn -0.3826834323650853 -0.9238795325112888 -2.842222524279276e-15
vn 0.8000986291556991 -0.33141170343241194 -0.5000084663795185
vn 0.3826834323650897 0.9238795325112867 0
vn -0.3826834323650871 -0.9238795325112878 -4.9227626762551304e-15
vn 0.4619475881703945 -0.1913449561257198 -0.8660205156627655
vn 0.3826834323650897 0.9238795325112867 0
vn -0.3826834323650799 -0.9238795325112908 -2.842170943040416e-15
vn 0 0 -1
vn 0.3826834323650897 0.9238795325112867 0
vn -0.38268343236509966 -0.9238795325112829 2.8422225242792645e-15
vn -0.4619475881703945 0.1913449561257198 -0.8660205156627655
vn 0.3826834323650897 0.9238795325112867 0
vn -0.3826834323650799 -0.9238795325112908 -1.8372192925348065e-14
vn -0.8000986291556992 0.331411703432412 -0.5000084663795186
vn 0.38268343236508257 0.9238795325112897 7.764985200534368e-15
vn -0.38268343236508445 -0.923879532511289 0
vn -0.9238795325112867 0.3826834323650897 0
vn 0.38268343236508445 0.923879532511289 0
vn -0.3826834323650799 -0.9238795325112908 1.8372192925348065e-14
vn -0.8000986291556983 0.33141170343241383 0.5000084663795185
vn 0.38268343236508257 0.9238795325112897 -7.764985200534368e-15
vn -0.38268343236509966 -0.9238795325112829 -2.842222524279265e-15
vn -0.46194758817039483 0.19134495612571864 0.8660205156627654
vn 0.3826834323650897 0.9238795325112867 0
vn -0.3826834323650799 -0.9238795325112908 2.842170943040416e-15
vn 0 0 1
vn 0.3826834323650897 0.9238795325112867 0
vn -0.3826834323650871 -0.9238795325112878 4.9227626762551304e-15
vn 0.4619475881703945 -0.19134495612571978 0.8660205156627655
vn 0.3826834323650799 0.9238795325112908 2.842222524279305e-15
vn -0.3826834323650853 -0.9238795325112888 2.842222524279276e-15
vn 0.8000986291556983 -0.33141170343241383 0.5000084663795185
vn 0.3826834323650853 0.9238795325112888 -2.8422225242792685e-15
vn -0.38268343236508445 -0.923879532511289 0
vn 0.9238795325112861 -0.382683432365092 0
vn 0.38268343236508445 0.923879532511289 0
vn -0.3826834323650853 -0.9238795325112888 -2.842222524279276e-15
vn 0.8000986291556983 -0.33141170343241383 -0.5000084663795185
vn 0.3826834323650853 0.9238795325112888 2.842222524279269e-15
vn -0.3826834323650871 -0.9238795325112878 -4.9227626762551304e-15
vn 0.46194758817039405 -0.1913449561257209 -0.8660205156627654
vn 0.3826834323650799 0.9238795325112908 -2.842222524279305e-15
vn -0.3826834323650799 -0.9238795325112908 -2.842170943040416e-15
vn 0 0 -1
vn 0.3826834323650897 0.9238795325112867 0
vn -0.38268343236509966 -0.9238795325112829 2.8422225242792645e-15
vn -0.4619475881703945 0.1913449561257198 -0.8660205156627654
vn 0.3826834323650897 0.9238795325112867 0
vn -0.3826834323650871 -0.9238795325112878 -1.0607207724813667e-14
vn -0.8000986291556985 0.3314117034324139 -0.5000084663795185
vn 0.38268343236508257 0.9238795325112897 7.764985200534389e-15
vn -0.3826834323650897 -0.9238795325112867 0
vn -0.9238795325112861 0.382683432365092 0
vn 0.38268343236508445 0.923879532511289 0
vn -0.3826834323650871 -0.9238795325112878 1.0607207724813665e-14
vn -0.8000986291556983 0.33141170343241383 0.5000084663795185
vn 0.38268343236508257 0.9238795325112897 -7.764985200534389e-15
vn -0.38268343236509966 -0.9238795325112829 -2.842222524279265e-15
vn -0.4619475881703945 0.19134495612571978 0.8660205156627655
vn 0.3826834323650897 0.9238795325112867 0
vn -0.3826834323650799 -0.9238795325112908 2.842170943040416e-15
vn 0 0 1
vn 0.3826834323650897 0.9238795325112867 0
vn -0.3826834323650897 -0.9238795325112867 0
vn 0.4619475881703961 -0.1913449561257217 0.8660205156627641
vn 0.3826834323650799 0.9238795325112908 2.8422225242792377e-15
vn -0.3826834323650897 -0.9238795325112867 0
vn 0.8000986291556949 -0.3314117034324102 0.5000084663795265
vn 0.3826834323650853 0.9238795325112888 -2.842222524279276e-15
vn -0.3826834323650897 -0.9238795325112867 0
vn 0.9238795325112867 -0.3826834323650897 0
vn 0.38268343236508445 0.923879532511289 0
vn -0.3826834323650897 -0.9238795325112867 0
vn 0.8000986291556933 -0.331411703432414 -0.5000084663795265
vn 0.3826834323650853 0.9238795325112888 2.842222524279276e-15
vn -0.3826834323650897 -0.9238795325112867 0
vn 0.46194758817039666 -0.1913449561257207 -0.8660205156627642
vn 0.3826834323650799 0.9238795325112908 -2.8422225242792377e-15
vn -0.3826834323650897 -0.9238795325112867 0
vn 0 0 -1
vn 0.3826834323650897 0.9238795325112867 0
vn -0.3826834323650897 -0.9238795325112867 0
vn -0.4619475881703971 0.19134495612571958 -0.8660205156627642
vn 0.3826834323650897 0.9238795325112867 0
vn -0.38268343236508257 -0.9238795325112897 -7.764985200534316e-15
vn -0.8000986291556933 0.331411703432414 -0.5000084663795265
vn 0.3826834323650897 0.9238795325112867 0
vn -0.38268343236508445 -0.923879532511289 0
vn -0.923879532511285 0.3826834323650941 0
vn 0.3826834323650897 0.9238795325112867 0
vn -0.38268343236508257 -0.9238795325112897 7.764985200534318e-15
vn -0.800098629155695 0.3314117034324102 0.5000084663795266
vn 0.3826834323650897 0.9238795325112867 0
vn -0.3826834323650897 -0.9238795325112867 0
vn -0.46194758817039666 0.1913449561257207 0.8660205156627642
vn 0.3826834323650897 0.9238795325112867 0
vn -0.3826834323650897 -0.9238795325112867 0
vn 0 0 1
vn 0.3826834323650897 0.9238795325112867 0
vn -0.3826834323650904 -0.9238795325112867 6.066378114200708e-16
vn 0.4619420161447272 -0.1913426481171172 0.8660239977804736
vn 0.3826834323650897 0.9238795325112867 0
vn -0.38268343236508917 -0.923879532511287 -6.066378114200708e-16
vn 0.8001018462129798 -0.33141303598116856 0.5000024352623956
vn 0.3826834323650897 0.9238795325112867 0
vn -0.38268343236508934 -0.923879532511287 0
vn 0.9238795325112867 -0.3826834323650897 0
vn 0.3826834323650897 0.9238795325112867 0
vn -0.38268343236508917 -0.923879532511287 6.066378114200708e-16
vn 0.8001018462129798 -0.33141303598116856 -0.5000024352623956
vn 0.3826834323650897 0.9238795325112867 0
vn -0.3826834323650904 -0.9238795325112867 -6.066378114200708e-16
vn 0.4619420161447272 -0.1913426481171172 -0.8660239977804736
vn 0.3826834323650897 0.9238795325112867 0
vn -0.38268343236508895 -0.9238795325112871 -2.220446049250313e-16
vn 0 0 -1
vn 0.3826834323650897 0.9238795325112867 0
vn -0.3826834323650906 -0.9238795325112866 2.2204576404618256e-16
vn -0.4619420161447271 0.1913426481171172 -0.8660239977804737
vn 0.3826834323650928 0.9238795325112855 -8.88183056184728e-16
vn -0.3826834323650895 -0.9238795325112868 -8.286835754662532e-16
vn -0.8001018462129802 0.33141303598116867 -0.5000024352623952
vn 0.3826834323650889 0.9238795325112871 3.3147343018650117e-15
vn -0.3826834323650897 -0.9238795325112867 0
vn -0.9238795325112867 0.3826834323650897 0
vn 0.3826834323650897 0.9238795325112867 0
vn -0.3826834323650895 -0.9238795325112868 8.286835754662532e-16
vn -0.80010184621298 0.33141303598116867 0.5000024352623951
vn 0.3826834323650889 0.9238795325112871 -3.3147343018650117e-15
vn -0.3826834323650906 -0.9238795325112866 -2.2204576404618256e-16
vn -0.4619420161447271 0.1913426481171172 0.8660239977804738
vn 0.3826834323650928 0.9238795325112855 8.88183056184728e-16
vn -0.38268343236508895 -0.9238795325112871 2.220446049250313e-16
vn 0 0 1
vn 0.3826834323650897 0.9238795325112867 0
vn -0.3826834323650898 -0.923879532511287 3.076736315659903e-16
vn 0.23451658801509784 -0.09713995135731715 0.9672465041529255
vn 0.3826834323650897 0.9238795325112867 0
vn -0.3826834323650897 -0.923879532511287 1.776372375703576e-16
vn 0.571498111522711 -0.23672226866331844 0.7857178094232475
vn 0.3826834323650897 0.9238795325112867 0
vn -0.38268343236508956 -0.9238795325112868 0
vn 0.9238795325112867 -0.3826834323650897 0
vn 0.3826834323650897 0.9238795325112867 0
vn -0.3826834323650897 -0.923879532511287 -1.776372375703576e-16
vn 0.571498111522711 -0.23672226866331844 -0.7857178094232475
vn 0.3826834323650897 0.9238795325112867 0
vn -0.3826834323650898 -0.923879532511287 -3.0767363156599023e-16
vn 0.23451658801509784 -0.09713995135731715 -0.9672465041529255
vn 0.3826834323650897 0.9238795325112867 0
vn -0.38268343236508945 -0.9238795325112868 -1.77635683940025e-16
vn 0 0 -1
vn 0.3826834323650897 0.9238795325112867 0
vn -0.3826834323650897 -0.9238795325112867 0
vn -0.23451658801509764 0.09713995135731714 -0.9672465041529253
vn 0.38268343236508917 0.923879532511287 3.5527061797680073e-16
vn -0.38268343236509006 -0.9238795325112868 4.853142095410112e-16
vn -0.5714981115227111 0.23672226866331872 -0.7857178094232473
vn 0.38268343236509 0.9238795325112868 -1.3259028942227371e-15
vn -0.38268343236509 -0.9238795325112868 0
vn -0.9238795325112868 0.3826834323650901 0
vn 0.3826834323650897 0.9238795325112867 0
vn -0.38268343236509006 -0.9238795325112868 -4.853142095410112e-16
vn -0.5714981115227112 0.23672226866331877 0.7857178094232474
vn 0.38268343236509 0.9238795325112868 1.3259028942227371e-15
vn -0.3826834323650897 -0.9238795325112867 0
vn -0.23451658801509762 0.09713995135731704 0.9672465041529253
vn 0.38268343236508917 0.923879532511287 -3.5527061797680083e-16
vn -0.38268343236508945 -0.9238795325112868 1.7763568394002498e-16
vn 0 0 1
vn 0.3826834323650897 0.9238795325112867 0
vn -0.3826834323650898 -0.9238795325112867 1.2132769251211157e-16
vn 0.2821794191730273 -0.11688254244403033 0.9522149162174433
vn 0.38268343236509006 0.9238795325112868 -4.853107700484466e-16
vn -0.3826834323650898 -0.9238795325112867 1.2132809500525587e-16
vn 0.6405887913733089 -0.2653405652910137 0.7205833642111985
vn 0.3826834323650897 0.9238795325112867 0
vn -0.3826834323650898 -0.9238795325112867 0
vn 0.9238795325112867 -0.3826834323650897 0
vn 0.3826834323650897 0.9238795325112867 0
vn -0.3826834323650898 -0.9238795325112867 -1.2132809500525587e-16
vn 0.6405887913733088 -0.2653405652910136 -0.7205833642111985
vn 0.3826834323650897 0.9238795325112867 0
vn -0.3826834323650898 -0.9238795325112867 -1.2132769251211157e-16
vn 0.2821794191730273 -0.11688254244403051 -0.9522149162174433
vn 0.38268343236509006 0.9238795325112868 4.853107700484466e-16
vn -0.3826834323650897 -0.923879532511287 -4.4408920985006276e-17
vn 0 0 -1
vn 0.3826834323650895 0.9238795325112871 1.7763568394002508e-16
vn -0.38268343236508984 -0.9238795325112867 4.440945203333533e-17
vn -0.28217941917302747 0.11688254244403042 -0.9522149162174431
vn 0.3826834323650897 0.9238795325112867 0
vn -0.3826834323650897 -0.923879532511287 -2.870657893680037e-16
vn -0.6405887913733087 0.2653405652910135 -0.7205833642111987
vn 0.3826834323650897 0.9238795325112867 0
vn -0.3826834323650898 -0.923879532511287 0
vn -0.9238795325112867 0.3826834323650897 0
vn 0.3826834323650897 0.9238795325112867 0
vn -0.3826834323650897 -0.923879532511287 2.870657893680037e-16
vn -0.6405887913733088 0.2653405652910133 0.7205833642111987
vn 0.3826834323650897 0.9238795325112867 0
vn -0.38268343236508984 -0.9238795325112867 -4.440945203333533e-17
vn -0.2821794191730273 0.11688254244403047 0.9522149162174433
vn 0.3826834323650897 0.9238795325112867 0
vn -0.3826834323650897 -0.923879532511287 4.4408920985006276e-17
vn 0 0 1
vn 0.3826834323650895 0.9238795325112871 -1.7763568394002506e-16
vn -0.3826834323650896 -0.9238795325112868 3.076744351355095e-16
vn 0.40055244440906235 -0.16591425491592882 0.901127182640507
vn 0.3826834323650893 0.923879532511287 3.314695276253047e-16
vn -0.38268343236509034 -0.9238795325112867 1.1482686556754821e-15
vn 0.7594236394017052 -0.314563571026921 0.569495825885195
vn 0.3826834323650901 0.9238795325112868 -5.741343278377411e-16
vn -0.3826834323650901 -0.9238795325112868 0
vn 0.9238795325112867 -0.3826834323650897 0
vn 0.38268343236508995 0.9238795325112868 0
vn -0.38268343236509034 -0.9238795325112867 -1.1482686556754821e-15
vn 0.7594236394017051 -0.31456357102692095 -0.5694958258851951
vn 0.3826834323650901 0.9238795325112868 5.741343278377411e-16
vn -0.3826834323650896 -0.9238795325112868 -3.076744351355095e-16
vn 0.40055244440906235 -0.1659142549159289 -0.901127182640507
vn 0.3826834323650893 0.923879532511287 -3.3146952762530476e-16
vn -0.3826834323650892 -0.923879532511287 -1.7763568394002513e-16
vn 0 0 -1
vn 0.3826834323650901 0.9238795325112868 -8.881784197001253e-17
vn -0.3826834323650897 -0.9238795325112867 0
vn -0.40055244440906235 0.16591425491592882 -0.9011271826405067
vn 0.3826834323650897 0.9238795325112867 0
vn -0.3826834323650901 -0.9238795325112866 4.853164049698752e-16
vn -0.759423639401705 0.31456357102692095 -0.569495825885195
vn 0.38268343236508956 0.9238795325112868 2.426582024849376e-16
vn -0.3826834323650901 -0.9238795325112868 0
vn -0.9238795325112867 0.3826834323650897 0
vn 0.3826834323650896 0.9238795325112868 0
vn -0.3826834323650901 -0.9238795325112866 -4.853164049698752e-16
vn -0.759423639401705 0.31456357102692095 0.5694958258851951
vn 0.38268343236508956 0.9238795325112868 -2.426582024849376e-16
vn -0.3826834323650897 -0.9238795325112867 0
vn -0.40055244440906235 0.16591425491592884 0.9011271826405067
vn 0.3826834323650897 0.9238795325112867 0
vn -0.3826834323650892 -0.923879532511287 1.7763568394002513e-16
vn 0 0 1
vn 0.3826834323650901 0.9238795325112868 8.881784197001254e-17
vn 0.37747661243615366 0.9113091572220148 -0.164398987305357
vn -0.042260315439637104 -0.10202542668453728 0.993883734673619
vn -0.06291276873935879 -0.15188485953700248 -0.9863939238321437
vn 0.9980155904657323 -0.012169112301479823 -0.06178020632152157
vn -0.714308453577613 0.6970987299188182 -0.06178020632152156
vn 0.1711412337262569 0.41317148754319316 0.8944271909999159
vn 0.17114123372625675 0.4131714875431929 -0.894427190999916
vn -0.7255427633418711 -0.688177083723544 0
vn -0.3070625030530601 -0.3410600952805684 -0.8884765785466713
vn -0.35102235138886423 -0.8503383265953232 0.39205616835920143
vn -0.18641912544243597 -0.4595723805692735 -0.8683554207161767
vn -0.04124152182083584 -0.1608125009536897 -0.9861229519765379
vn 0.24753806734721986 -0.17960543256168973 0.9520854971105964
vn -0.08677772998210216 -0.14194018738112846 -0.9860642011478582
vn -0.29517961537515186 0.05692543872267885 0.95374445691349
vn 0.27109477296386575 -0.19669739884932896 0.9422408170725667
vn -0.35073920850586854 0.06764011564981 0.9340272064407745
vn -0.11561378368638 -0.45081124261356975 -0.885100376542078
vn -0.24059205938303185 -0.3935304829739436 -0.8872706576530784
vn 0.3589843018191077 -0.004377206453524866 0.9333333333333335
vn -0.2569353865217503 0.2507450817898681 0.9333333333333333
vn 0.3483365954932489 0.024755519634374515 -0.9370425713316364
vn -0.22880637300344886 0.26381596461397444 -0.9370425713316365
vn -0.9915471227533901 -0.12974707457000156 0
vn 0.5711046702379896 -0.820877247603049 0
vn 0.06540420556145439 -0.9978588526915393 0
vn -0.19582785750263887 -0.02562469402333975 0.9803034353107901
vn 0.1122924034055478 -0.16140347617165338 0.9804791349218566
vn 0 0 1
vn -0.4143849076504023 -0.4602651078554325 0.7851376814307123
vn -0.026944421978636286 -0.4544109088023328 -0.8903845933559696
vn -0.035859650477302586 -0.6047639981160137 0.7955970035453754
usemtl m_37f3de66-7223-71ca-a9cb-0c74c577c66e
f 6/1/1 4/2/1 2/3/1
f 4/4/2 6/5/2 7/6/2 5/7/2
f 5/8/3 7/9/3 3/10/3
f 8/11/4 6/12/4 2/13/4
f 6/14/5 8/15/5 9/16/5 7/17/5
f 7/18/6 9/19/6 3/20/6
f 10/21/7 8/22/7 2/23/7
f 8/24/8 10/25/8 11/26/8 9/27/8
f 9/28/9 11/29/9 3/30/9
f 12/31/10 10/32/10 2/33/10
f 10/34/11 12/35/11 13/36/11 11/37/11
f 11/38/12 13/39/12 3/40/12
f 14/41/13 12/42/13 2/43/13
f 12/44/14 14/45/14 15/46/14 13/47/14
f 13/48/15 15/49/15 3/50/15
f 16/51/16 14/52/16 2/53/16
f 14/54/17 16/55/17 17/56/17 15/57/17
f 15/58/18 17/59/18 3/60/18
f 18/61/19 16/62/19 2/63/19
f 16/64/20 18/65/20 19/66/20 17/67/20
f 17/68/21 19/69/21 3/70/21
f 20/71/22 18/72/22 2/73/22
f 18/74/23 20/75/23 21/76/23 19/77/23
f 19/78/24 21/79/24 3/80/24
f 22/81/25 20/82/25 2/83/25
f 20/84/26 22/85/26 23/86/26 21/87/26
f 21/88/27 23/89/27 3/90/27
f 24/91/28 22/92/28 2/93/28
f 22/94/29 24/95/29 25/96/29 23/97/29
f 23/98/30 25/99/30 3/100/30
f 26/101/31 24/102/31 2/103/31
f 24/104/32 26/105/32 27/106/32 25/107/32
f 25/108/33 27/109/33 3/110/33
f 4/111/34 26/112/34 2/113/34
f 26/114/35 4/115/35 5/116/35 27/117/35
f 27/118/36 5/119/36 3/120/36
f 32/121/37 30/122/37 28/123/37
f 30/124/38 32/125/38 33/126/38 31/127/38
f 31/128/39 33/129/39 29/130/39
f 34/131/40 32/132/40 28/133/40
f 32/134/41 34/135/41 35/136/41 33/137/41
f 33/138/42 35/139/42 29/140/42
f 36/141/43 34/142/43 28/143/43
f 34/144/44 36/145/44 37/146/44 35/147/44
f 35/148/45 37/149/45 29/150/45
f 38/151/46 36/152/46 28/153/46
f 36/154/47 38/155/47 39/156/47 37/157/47
f 37/158/48 39/159/48 29/160/48
f 40/161/49 38/162/49 28/163/49
f 38/164/50 40/165/50 41/166/50 39/167/50
f 39/168/51 41/169/51 29/170/51
f 42/171/52 40/172/52 28/173/52
f 40/174/53 42/175/53 43/176/53 41/177/53
f 41/178/54 43/179/54 29/180/54
f 44/181/55 42/182/55 28/183/55
f 42/184/56 44/185/56 45/186/56 43/187/56
f 43/188/57 45/189/57 29/190/57
f 46/191/58 44/192/58 28/193/58
f 44/194/59 46/195/59 47/196/59 45/197/59
f 45/198/60 47/199/60 29/200/60
f 48/201/61 46/202/61 28/203/61
f 46/204/62 48/205/62 49/206/62 47/207/62
f 47/208/63 49/209/63 29/210/63
f 50/211/64 48/212/64 28/213/64
f 48/214/65 50/215/65 51/216/65 49/217/65
f 49/218/66 51/219/66 29/220/66
f 52/221/67 50/222/67 28/223/67
f 50/224/68 52/225/68 53/226/68 51/227/68
f 51/228/69 53/229/69 29/230/69
f 30/231/70 52/232/70 28/233/70
f 52/234/71 30/235/71 31/236/71 53/237/71
f 53/238/72 31/239/72 29/240/72
usemtl m_1f8535bb-dad8-3464-8832-a43b5c90a710
f 67/241/73 66/242/73 68/243/73
f 62/244/74 63/245/74 65/246/74 64/247/74
f 54/248/75 55/249/75 57/250/75 56/251/75
f 61/252/76 59/253/76 58/254/76 60/255/76
f 73/256/77 74/257/77 76/258/77 75/259/77
f 72/260/78 70/261/78 69/262/78 71/263/78
f 55/264/79 54/265/79 67/266/79 68/267/79
f 63/268/80 56/269/80 57/270/80 65/271/80
f 74/272/81 54/273/81 56/274/81 76/275/81
f 57/276/82 55/277/82 70/278/82 72/279/82
f 58/280/83 59/281/83 66/282/83
f 61/283/84 60/284/84 62/285/84 64/286/84
f 60/287/85 58/288/85 73/289/85
f 59/290/86 61/291/86 69/292/86
f 69/293/87 70/294/87 66/295/87
f 74/296/88 73/297/88 66/298/88
f 72/299/89 71/300/89 64/301/89 65/302/89
f 62/303/90 75/304/90 76/305/90 63/306/90
f 58/307/91 66/308/91 73/309/91
f 60/310/92 75/311/92 62/312/92
f 59/313/93 69/314/93 66/315/93
f 61/316/94 64/317/94 71/318/94
f 54/319/95 74/320/95 67/321/95
f 56/322/96 63/323/96 76/324/96
f 55/325/97 68/326/97 70/327/97
f 57/328/98 72/329/98 65/330/98
f 60/331/99 73/332/99 75/333/99
f 69/334/100 61/335/100 71/336/100
f 66/337/101 70/338/101 68/339/101
f 74/340/102 66/341/102 67/342/102
usemtl m_37f3de66-7223-71ca-a9cb-0c74c577c66e
f 81/343/103 79/344/103 77/345/103
f 79/346/104 81/347/104 82/348/104 80/349/104
f 80/350/105 82/351/105 78/352/105
f 83/353/106 81/354/106 77/355/106
f 81/356/107 83/357/107 84/358/107 82/359/107
f 82/360/108 84/361/108 78/362/108
f 85/363/109 83/364/109 77/365/109
f 83/366/110 85/367/110 86/368/110 84/369/110
f 84/370/111 86/371/111 78/372/111
f 87/373/112 85/374/112 77/375/112
f 85/376/113 87/377/113 88/378/113 86/379/113
f 86/380/114 88/381/114 78/382/114
f 89/383/115 87/384/115 77/385/115
f 87/386/116 89/387/116 90/388/116 88/389/116
f 88/390/117 90/391/117 78/392/117
f 91/393/118 89/394/118 77/395/118
f 89/396/119 91/397/119 92/398/119 90/399/119
f 90/400/120 92/401/120 78/402/120
f 93/403/121 91/404/121 77/405/121
f 91/406/122 93/407/122 94/408/122 92/409/122
f 92/410/123 94/411/123 78/412/123
f 95/413/124 93/414/124 77/415/124
f 93/416/125 95/417/125 96/418/125 94/419/125
f 94/420/126 96/421/126 78/422/126
f 97/423/127 95/424/127 77/425/127
f 95/426/128 97/427/128 98/428/128 96/429/128
f 96/430/129 98/431/129 78/432/129
f 99/433/130 97/434/130 77/435/130
f 97/436/131 99/437/131 100/438/131 98/439/131
f 98/440/132 100/441/132 78/442/132
f 101/443/133 99/444/133 77/445/133
f 99/446/134 101/447/134 1/448/134 100/449/134
f 100/450/135 1/451/135 78/452/135
f 79/453/136 101/454/136 77/455/136
f 101/456/137 79/457/137 80/458/137 1/459/137
f 1/460/138 80/461/138 78/462/138
f 106/463/139 104/464/139 102/465/139
f 104/466/140 106/467/140 107/468/140 105/469/140
f 105/470/141 107/471/141 103/472/141
f 108/473/142 106/474/142 102/475/142
f 106/476/143 108/477/143 109/478/143 107/479/143
f 107/480/144 109/481/144 103/482/144
f 110/483/145 108/484/145 102/485/145
f 108/486/146 110/487/146 111/488/146 109/489/146
f 109/490/147 111/491/147 103/492/147
f 112/493/148 110/494/148 102/495/148
f 110/496/149 112/497/149 113/498/149 111/499/149
f 111/500/150 113/501/150 103/502/150
f 114/503/151 112/504/151 102/505/151
f 112/506/152 114/507/152 115/508/152 113/509/152
f 113/510/153 115/511/153 103/512/153
f 116/513/154 114/514/154 102/515/154
f 114/516/155 116/517/155 117/518/155 115/519/155
f 115/520/156 117/521/156 103/522/156
f 118/523/157 116/524/157 102/525/157
f 116/526/158 118/527/158 119/528/158 117/529/158
f 117/530/159 119/531/159 103/532/159
f 120/533/160 118/534/160 102/535/160
f 118/536/161 120/537/161 121/538/161 119/539/161
f 119/540/162 121/541/162 103/542/162
f 122/543/163 120/544/163 102/545/163
f 120/546/164 122/547/164 123/548/164 121/549/164
f 121/550/165 123/551/165 103/552/165
f 124/553/166 122/554/166 102/555/166
f 122/556/167 124/557/167 125/558/167 123/559/167
f 123/560/168 125/561/168 103/562/168
f 126/563/169 124/564/169 102/565/169
f 124/566/170 126/567/170 127/568/170 125/569/170
f 125/570/171 127/571/171 103/572/171
f 104/573/172 126/574/172 102/575/172
f 126/576/173 104/577/173 105/578/173 127/579/173
f 127/580/174 105/581/174 103/582/174
f 132/583/175 130/584/175 128/585/175
f 130/586/176 132/587/176 133/588/176 131/589/176
f 131/590/177 133/591/177 129/592/177
f 134/593/178 132/594/178 128/595/178
f 132/596/179 134/597/179 135/598/179 133/599/179
f 133/600/180 135/601/180 129/602/180
f 136/603/181 134/604/181 128/605/181
f 134/606/182 136/607/182 137/608/182 135/609/182
f 135/610/183 137/611/183 129/612/183
f 138/613/184 136/614/184 128/615/184
f 136/616/185 138/617/185 139/618/185 137/619/185
f 137/620/186 139/621/186 129/622/186
f 140/623/187 138/624/187 128/625/187
f 138/626/188 140/627/188 141/628/188 139/629/188
f 139/630/189 141/631/189 129/632/189
f 142/633/190 140/634/190 128/635/190
f 140/636/191 142/637/191 143/638/191 141/639/191
f 141/640/192 143/641/192 129/642/192
f 144/643/193 142/644/193 128/645/193
f 142/646/194 144/647/194 145/648/194 143/649/194
f 143/650/195 145/651/195 129/652/195
f 146/653/196 144/654/196 128/655/196
f 144/656/197 146/657/197 147/658/197 145/659/197
f 145/660/198 147/661/198 129/662/198
f 148/663/199 146/664/199 128/665/199
f 146/666/200 148/667/200 149/668/200 147/669/200
f 147/670/201 149/671/201 129/672/201
f 150/673/202 148/674/202 128/675/202
f 148/676/203 150/677/203 151/678/203 149/679/203
f 149/680/204 151/681/204 129/682/204
f 152/683/205 150/684/205 128/685/205
f 150/686/206 152/687/206 153/688/206 151/689/206
f 151/690/207 153/691/207 129/692/207
f 130/693/208 152/694/208 128/695/208
f 152/696/209 130/697/209 131/698/209 153/699/209
f 153/700/210 131/701/210 129/702/210
f 166/703/211 164/704/211 163/705/211 165/706/211
f 154/707/212 155/708/212 156/709/212
f 160/710/213 158/711/213 157/712/213 159/713/213
f 171/714/214 172/715/214 174/716/214 173/717/214
f 170/718/215 168/719/215 167/720/215 169/721/215
f 155/722/216 154/723/216 164/724/216 166/725/216
f 172/726/217 154/727/217 156/728/217 174/729/217
f 156/730/218 155/731/218 168/732/218 170/733/218
f 163/734/219 157/735/219 158/736/219 165/737/219
f 160/738/220 159/739/220 161/740/220
f 159/741/221 157/742/221 171/743/221 173/744/221
f 167/745/222 158/746/222 160/747/222 169/748/222
f 165/749/223 167/750/223 168/751/223 166/752/223
f 172/753/224 171/754/224 163/755/224 164/756/224
f 170/757/225 169/758/225 161/759/225 162/760/225
f 161/761/226 173/762/226 174/763/226 162/764/226
f 157/765/227 163/766/227 171/767/227
f 159/768/228 173/769/228 161/770/228
f 158/771/229 167/772/229 165/773/229
f 160/774/230 161/775/230 169/776/230
f 154/777/231 172/778/231 164/779/231
f 155/780/232 166/781/232 168/782/232
f 156/783/233 170/784/233 162/785/233
f 156/786/234 175/787/234 174/788/234
f 156/789/235 162/790/235 175/791/235
f 162/792/236 174/793/236 175/794/236
f 191/795/237 189/796/237 188/797/237 190/798/237
f 184/799/238 185/800/238 187/801/238 186/802/238
f 176/803/239 177/804/239 179/805/239 178/806/239
f 183/807/240 181/808/240 180/809/240 182/810/240
f 196/811/241 197/812/241 199/813/241 198/814/241
f 195/815/242 193/816/242 192/817/242 194/818/242
f 177/819/243 176/820/243 189/821/243 191/822/243
f 185/823/244 178/824/244 179/825/244 187/826/244
f 197/827/245 176/828/245 178/829/245 199/830/245
f 179/831/246 177/832/246 193/833/246 195/834/246
f 188/835/247 180/836/247 181/837/247 190/838/247
f 183/839/248 182/840/248 184/841/248 186/842/248
f 182/843/249 180/844/249 196/845/249 198/846/249
f 192/847/250 181/848/250 183/849/250 194/850/250
f 190/851/251 192/852/251 193/853/251 191/854/251
f 197/855/252 196/856/252 188/857/252 189/858/252
f 195/859/253 194/860/253 186/861/253 187/862/253
f 184/863/254 198/864/254 199/865/254 185/866/254
f 180/867/255 188/868/255 196/869/255
f 182/870/256 198/871/256 184/872/256
f 181/873/257 192/874/257 190/875/257
f 183/876/258 186/877/258 194/878/258
f 176/879/259 197/880/259 189/881/259
f 178/882/260 185/883/260 199/884/260
f 177/885/261 191/886/261 193/887/261
f 179/888/262 195/889/262 187/890/262
f 204/891/263 202/892/263 200/893/263
f 202/894/264 204/895/264 205/896/264 203/897/264
f 203/898/265 205/899/265 201/900/265
f 206/901/266 204/902/266 200/903/266
f 204/904/267 206/905/267 207/906/267 205/907/267
f 205/908/268 207/909/268 201/910/268
f 208/911/269 206/912/269 200/913/269
f 206/914/270 208/915/270 209/916/270 207/917/270
f 207/918/271 209/919/271 201/920/271
f 210/921/272 208/922/272 200/923/272
f 208/924/273 210/925/273 211/926/273 209/927/273
f 209/928/274 211/929/274 201/930/274
f 212/931/275 210/932/275 200/933/275
f 210/934/276 212/935/276 213/936/276 211/937/276
f 211/938/277 213/939/277 201/940/277
f 214/941/278 212/942/278 200/943/278
f 212/944/279 214/945/279 215/946/279 213/947/279
f 213/948/280 215/949/280 201/950/280
f 216/951/281 214/952/281 200/953/281
f 214/954/282 216/955/282 217/956/282 215/957/282
f 215/958/283 217/959/283 201/960/283
f 218/961/284 216/962/284 200/963/284
f 216/964/285 218/965/285 219/966/285 217/967/285
f 217/968/286 219/969/286 201/970/286
f 220/971/287 218/972/287 200/973/287
f 218/974/288 220/975/288 221/976/288 219/977/288
f 219/978/289 221/979/289 201/980/289
f 222/981/290 220/982/290 200/983/290
f 220/984/291 222/985/291 223/986/291 221/987/291
f 221/988/292 223/989/292 201/990/292
f 224/991/293 222/992/293 200/993/293
f 222/994/294 224/995/294 225/996/294 223/997/294
f 223/998/295 225/999/295 201/1000/295
f 202/1001/296 224/1002/296 200/1003/296
f 224/1004/297 202/1005/297 203/1006/297 225/1007/297
f 225/1008/298 203/1009/298 201/1010/298
f 230/1011/299 228/1012/299 226/1013/299
f 228/1014/300 230/1015/300 231/1016/300 229/1017/300
f 229/1018/301 231/1019/301 227/1020/301
f 232/1021/302 230/1022/302 226/1023/302
f 230/1024/303 232/1025/303 233/1026/303 231/1027/303
f 231/1028/304 233/1029/304 227/1030/304
f 234/1031/305 232/1032/305 226/1033/305
f 232/1034/306 234/1035/306 235/1036/306 233/1037/306
f 233/1038/307 235/1039/307 227/1040/307
f 236/1041/308 234/1042/308 226/1043/308
f 234/1044/309 236/1045/309 237/1046/309 235/1047/309
f 235/1048/310 237/1049/310 227/1050/310
f 238/1051/311 236/1052/311 226/1053/311
f 236/1054/312 238/1055/312 239/1056/312 237/1057/312
f 237/1058/313 239/1059/313 227/1060/313
f 240/1061/314 238/1062/314 226/1063/314
f 238/1064/315 240/1065/315 241/1066/315 239/1067/315
f 239/1068/316 241/1069/316 227/1070/316
f 242/1071/317 240/1072/317 226/1073/317
f 240/1074/318 242/1075/318 243/1076/318 241/1077/318
f 241/1078/319 243/1079/319 227/1080/319
f 244/1081/320 242/1082/320 226/1083/320
f 242/1084/321 244/1085/321 245/1086/321 243/1087/321
f 243/1088/322 245/1089/322 227/1090/322
f 246/1091/323 244/1092/323 226/1093/323
f 244/1094/324 246/1095/324 247/1096/324 245/1097/324
f 245/1098/325 247/1099/325 227/1100/325
f 248/1101/326 246/1102/326 226/1103/326
f 246/1104/327 248/1105/327 249/1106/327 247/1107/327
f 247/1108/328 249/1109/328 227/1110/328
f 250/1111/329 248/1112/329 226/1113/329
f 248/1114/330 250/1115/330 251/1116/330 249/1117/330
f 249/1118/331 251/1119/331 227/1120/331
f 228/1121/332 250/1122/332 226/1123/332
f 250/1124/333 228/1125/333 229/1126/333 251/1127/333
f 251/1128/334 229/1129/334 227/1130/334
f 256/1131/335 254/1132/335 252/1133/335
f 254/1134/336 256/1135/336 257/1136/336 255/1137/336
f 255/1138/337 257/1139/337 253/1140/337
f 258/1141/338 256/1142/338 252/1143/338
f 256/1144/339 258/1145/339 259/1146/339 257/1147/339
f 257/1148/340 259/1149/340 253/1150/340
f 260/1151/341 258/1152/341 252/1153/341
f 258/1154/342 260/1155/342 261/1156/342 259/1157/342
f 259/1158/343 261/1159/343 253/1160/343
f 262/1161/344 260/1162/344 252/1163/344
f 260/1164/345 262/1165/345 263/1166/345 261/1167/345
f 261/1168/346 263/1169/346 253/1170/346
f 264/1171/347 262/1172/347 252/1173/347
f 262/1174/348 264/1175/348 265/1176/348 263/1177/348
f 263/1178/349 265/1179/349 253/1180/349
f 266/1181/350 264/1182/350 252/1183/350
f 264/1184/351 266/1185/351 267/1186/351 265/1187/351
f 265/1188/352 267/1189/352 253/1190/352
f 268/1191/353 266/1192/353 252/1193/353
f 266/1194/354 268/1195/354 269/1196/354 267/1197/354
f 267/1198/355 269/1199/355 253/1200/355
f 270/1201/356 268/1202/356 252/1203/356
f 268/1204/357 270/1205/357 271/1206/357 269/1207/357
f 269/1208/358 271/1209/358 253/1210/358
f 272/1211/359 270/1212/359 252/1213/359
f 270/1214/360 272/1215/360 273/1216/360 271/1217/360
f 271/1218/361 273/1219/361 253/1220/361
f 274/1221/362 272/1222/362 252/1223/362
f 272/1224/363 274/1225/363 275/1226/363 273/1227/363
f 273/1228/364 275/1229/364 253/1230/364
f 276/1231/365 274/1232/365 252/1233/365
f 274/1234/366 276/1235/366 277/1236/366 275/1237/366
f 275/1238/367 277/1239/367 253/1240/367
f 254/1241/368 276/1242/368 252/1243/368
f 276/1244/369 254/1245/369 255/1246/369 277/1247/369
f 277/1248/370 255/1249/370 253/1250/370
f 282/1251/371 280/1252/371 278/1253/371
f 280/1254/372 282/1255/372 283/1256/372 281/1257/372
f 281/1258/373 283/1259/373 279/1260/373
f 284/1261/374 282/1262/374 278/1263/374
f 282/1264/375 284/1265/375 285/1266/375 283/1267/375
f 283/1268/376 285/1269/376 279/1270/376
f 286/1271/377 284/1272/377 278/1273/377
f 284/1274/378 286/1275/378 287/1276/378 285/1277/378
f 285/1278/379 287/1279/379 279/1280/379
f 288/1281/380 286/1282/380 278/1283/380
f 286/1284/381 288/1285/381 289/1286/381 287/1287/381
f 287/1288/382 289/1289/382 279/1290/382
f 290/1291/383 288/1292/383 278/1293/383
f 288/1294/384 290/1295/384 291/1296/384 289/1297/384
f 289/1298/385 291/1299/385 279/1300/385
f 292/1301/386 290/1302/386 278/1303/386
f 290/1304/387 292/1305/387 293/1306/387 291/1307/387
f 291/1308/388 293/1309/388 279/1310/388
f 294/1311/389 292/1312/389 278/1313/389
f 292/1314/390 294/1315/390 295/1316/390 293/1317/390
f 293/1318/391 295/1319/391 279/1320/391
f 296/1321/392 294/1322/392 278/1323/392
f 294/1324/393 296/1325/393 297/1326/393 295/1327/393
f 295/1328/394 297/1329/394 279/1330/394
f 298/1331/395 296/1332/395 278/1333/395
f 296/1334/396 298/1335/396 299/1336/396 297/1337/396
f 297/1338/397 299/1339/397 279/1340/397
f 300/1341/398 298/1342/398 278/1343/398
f 298/1344/399 300/1345/399 301/1346/399 299/1347/399
f 299/1348/400 301/1349/400 279/1350/400
f 302/1351/401 300/1352/401 278/1353/401
f 300/1354/402 302/1355/402 303/1356/402 301/1357/402
f 301/1358/403 303/1359/403 279/1360/403
f 280/1361/404 302/1362/404 278/1363/404
f 302/1364/405 280/1365/405 281/1366/405 303/1367/405
f 303/1368/406 281/1369/406 279/1370/406
f 308/1371/407 306/1372/407 304/1373/407
f 306/1374/408 308/1375/408 309/1376/408 307/1377/408
f 307/1378/409 309/1379/409 305/1380/409
f 310/1381/410 308/1382/410 304/1383/410
f 308/1384/411 310/1385/411 311/1386/411 309/1387/411
f 309/1388/412 311/1389/412 305/1390/412
f 312/1391/413 310/1392/413 304/1393/413
f 310/1394/414 312/1395/414 313/1396/414 311/1397/414
f 311/1398/415 313/1399/415 305/1400/415
f 314/1401/416 312/1402/416 304/1403/416
f 312/1404/417 314/1405/417 315/1406/417 313/1407/417
f 313/1408/418 315/1409/418 305/1410/418
f 316/1411/419 314/1412/419 304/1413/419
f 314/1414/420 316/1415/420 317/1416/420 315/1417/420
f 315/1418/421 317/1419/421 305/1420/421
f 318/1421/422 316/1422/422 304/1423/422
f 316/1424/423 318/1425/423 319/1426/423 317/1427/423
f 317/1428/424 319/1429/424 305/1430/424
f 320/1431/425 318/1432/425 304/1433/425
f 318/1434/426 320/1435/426 321/1436/426 319/1437/426
f 319/1438/427 321/1439/427 305/1440/427
f 322/1441/428 320/1442/428 304/1443/428
f 320/1444/429 322/1445/429 323/1446/429 321/1447/429
f 321/1448/430 323/1449/430 305/1450/430
f 324/1451/431 322/1452/431 304/1453/431
f 322/1454/432 324/1455/432 325/1456/432 323/1457/432
f 323/1458/433 325/1459/433 305/1460/433
f 326/1461/434 324/1462/434 304/1463/434
f 324/1464/435 326/1465/435 327/1466/435 325/1467/435
f 325/1468/436 327/1469/436 305/1470/436
f 328/1471/437 326/1472/437 304/1473/437
f 326/1474/438 328/1475/438 329/1476/438 327/1477/438
f 327/1478/439 329/1479/439 305/1480/439
f 306/1481/440 328/1482/440 304/1483/440
f 328/1484/441 306/1485/441 307/1486/441 329/1487/441
f 329/1488/442 307/1489/442 305/1490/442
f 334/1491/443 332/1492/443 330/1493/443
f 332/1494/444 334/1495/444 335/1496/444 333/1497/444
f 333/1498/445 335/1499/445 331/1500/445
f 336/1501/446 334/1502/446 330/1503/446
f 334/1504/447 336/1505/447 337/1506/447 335/1507/447
f 335/1508/448 337/1509/448 331/1510/448
f 338/1511/449 336/1512/449 330/1513/449
f 336/1514/450 338/1515/450 339/1516/450 337/1517/450
f 337/1518/451 339/1519/451 331/1520/451
f 340/1521/452 338/1522/452 330/1523/452
f 338/1524/453 340/1525/453 341/1526/453 339/1527/453
f 339/1528/454 341/1529/454 331/1530/454
f 342/1531/455 340/1532/455 330/1533/455
f 340/1534/456 342/1535/456 343/1536/456 341/1537/456
f 341/1538/457 343/1539/457 331/1540/457
f 344/1541/458 342/1542/458 330/1543/458
f 342/1544/459 344/1545/459 345/1546/459 343/1547/459
f 343/1548/460 345/1549/460 331/1550/460
f 346/1551/461 344/1552/461 330/1553/461
f 344/1554/462 346/1555/462 347/1556/462 345/1557/462
f 345/1558/463 347/1559/463 331/1560/463
f 348/1561/464 346/1562/464 330/1563/464
f 346/1564/465 348/1565/465 349/1566/465 347/1567/465
f 347/1568/466 349/1569/466 331/1570/466
f 350/1571/467 348/1572/467 330/1573/467
f 348/1574/468 350/1575/468 351/1576/468 349/1577/468
f 349/1578/469 351/1579/469 331/1580/469
f 352/1581/470 350/1582/470 330/1583/470
f 350/1584/471 352/1585/471 353/1586/471 351/1587/471
f 351/1588/472 353/1589/472 331/1590/472
f 354/1591/473 352/1592/473 330/1593/473
f 352/1594/474 354/1595/474 355/1596/474 353/1597/474
f 353/1598/475 355/1599/475 331/1600/475
f 332/1601/476 354/1602/476 330/1603/476
f 354/1604/477 332/1605/477 333/1606/477 355/1607/477
f 355/1608/478 333/1609/478 331/1610/478
f 360/1611/479 358/1612/479 356/1613/479
f 358/1614/480 360/1615/480 361/1616/480 359/1617/480
f 359/1618/481 361/1619/481 357/1620/481
f 362/1621/482 360/1622/482 356/1623/482
f 360/1624/483 362/1625/483 363/1626/483 361/1627/483
f 361/1628/484 363/1629/484 357/1630/484
f 364/1631/485 362/1632/485 356/1633/485
f 362/1634/486 364/1635/486 365/1636/486 363/1637/486
f 363/1638/487 365/1639/487 357/1640/487
f 366/1641/488 364/1642/488 356/1643/488
f 364/1644/489 366/1645/489 367/1646/489 365/1647/489
f 365/1648/490 367/1649/490 357/1650/490
f 368/1651/491 366/1652/491 356/1653/491
f 366/1654/492 368/1655/492 369/1656/492 367/1657/492
f 367/1658/493 369/1659/493 357/1660/493
f 370/1661/494 368/1662/494 356/1663/494
f 368/1664/495 370/1665/495 371/1666/495 369/1667/495
f 369/1668/496 371/1669/496 357/1670/496
f 372/1671/497 370/1672/497 356/1673/497
f 370/1674/498 372/1675/498 373/1676/498 371/1677/498
f 371/1678/499 373/1679/499 357/1680/499
f 374/1681/500 372/1682/500 356/1683/500
f 372/1684/501 374/1685/501 375/1686/501 373/1687/501
f 373/1688/502 375/1689/502 357/1690/502
f 376/1691/503 374/1692/503 356/1693/503
f 374/1694/504 376/1695/504 377/1696/504 375/1697/504
f 375/1698/505 377/1699/505 357/1700/505
f 378/1701/506 376/1702/506 356/1703/506
f 376/1704/507 378/1705/507 379/1706/507 377/1707/507
f 377/1708/508 379/1709/508 357/1710/508
f 380/1711/509 378/1712/509 356/1713/509
f 378/1714/510 380/1715/510 381/1716/510 379/1717/510
f 379/1718/511 381/1719/511 357/1720/511
f 358/1721/512 380/1722/512 356/1723/512
f 380/1724/513 358/1725/513 359/1726/513 381/1727/513
f 381/1728/514 359/1729/514 357/1730/514
f 386/1731/515 384/1732/515 382/1733/515
f 384/1734/516 386/1735/516 387/1736/516 385/1737/516
f 385/1738/517 387/1739/517 383/1740/517
f 388/1741/518 386/1742/518 382/1743/518
f 386/1744/519 388/1745/519 389/1746/519 387/1747/519
f 387/1748/520 389/1749/520 383/1750/520
f 390/1751/521 388/1752/521 382/1753/521
f 388/1754/522 390/1755/522 391/1756/522 389/1757/522
f 389/1758/523 391/1759/523 383/1760/523
f 392/1761/524 390/1762/524 382/1763/524
f 390/1764/525 392/1765/525 393/1766/525 391/1767/525
f 391/1768/526 393/1769/526 383/1770/526
f 394/1771/527 392/1772/527 382/1773/527
f 392/1774/528 394/1775/528 395/1776/528 393/1777/528
f 393/1778/529 395/1779/529 383/1780/529
f 396/1781/530 394/1782/530 382/1783/530
f 394/1784/531 396/1785/531 397/1786/531 395/1787/531
f 395/1788/532 397/1789/532 383/1790/532
f 398/1791/533 396/1792/533 382/1793/533
f 396/1794/534 398/1795/534 399/1796/534 397/1797/534
f 397/1798/535 399/1799/535 383/1800/535
f 400/1801/536 398/1802/536 382/1803/536
f 398/1804/537 400/1805/537 401/1806/537 399/1807/537
f 399/1808/538 401/1809/538 383/1810/538
f 402/1811/539 400/1812/539 382/1813/539
f 400/1814/540 402/1815/540 403/1816/540 401/1817/540
f 401/1818/541 403/1819/541 383/1820/541
f 404/1821/542 402/1822/542 382/1823/542
f 402/1824/543 404/1825/543 405/1826/543 403/1827/543
f 403/1828/544 405/1829/544 383/1830/544
f 406/1831/545 404/1832/545 382/1833/545
f 404/1834/546 406/1835/546 407/1836/546 405/1837/546
f 405/1838/547 407/1839/547 383/1840/547
f 384/1841/548 406/1842/548 382/1843/548
f 406/1844/549 384/1845/549 385/1846/549 407/1847/549
f 407/1848/550 385/1849/550 383/1850/550
f 412/1851/551 410/1852/551 408/1853/551
f 410/1854/552 412/1855/552 413/1856/552 411/1857/552
f 411/1858/553 413/1859/553 409/1860/553
f 414/1861/554 412/1862/554 408/1863/554
f 412/1864/555 414/1865/555 415/1866/555 413/1867/555
f 413/1868/556 415/1869/556 409/1870/556
f 416/1871/557 414/1872/557 408/1873/557
f 414/1874/558 416/1875/558 417/1876/558 415/1877/558
f 415/1878/559 417/1879/559 409/1880/559
f 418/1881/560 416/1882/560 408/1883/560
f 416/1884/561 418/1885/561 419/1886/561 417/1887/561
f 417/1888/562 419/1889/562 409/1890/562
f 420/1891/563 418/1892/563 408/1893/563
f 418/1894/564 420/1895/564 421/1896/564 419/1897/564
f 419/1898/565 421/1899/565 409/1900/565
f 422/1901/566 420/1902/566 408/1903/566
f 420/1904/567 422/1905/567 423/1906/567 421/1907/567
f 421/1908/568 423/1909/568 409/1910/568
f 424/1911/569 422/1912/569 408/1913/569
f 422/1914/570 424/1915/570 425/1916/570 423/1917/570
f 423/1918/571 425/1919/571 409/1920/571
f 426/1921/572 424/1922/572 408/1923/572
f 424/1924/573 426/1925/573 427/1926/573 425/1927/573
f 425/1928/574 427/1929/574 409/1930/574
f 428/1931/575 426/1932/575 408/1933/575
f 426/1934/576 428/1935/576 429/1936/576 427/1937/576
f 427/1938/577 429/1939/577 409/1940/577
f 430/1941/578 428/1942/578 408/1943/578
f 428/1944/579 430/1945/579 431/1946/579 429/1947/579
f 429/1948/580 431/1949/580 409/1950/580
f 432/1951/581 430/1952/581 408/1953/581
f 430/1954/582 432/1955/582 433/1956/582 431/1957/582
f 431/1958/583 433/1959/583 409/1960/583
f 410/1961/584 432/1962/584 408/1963/584
f 432/1964/585 410/1965/585 411/1966/585 433/1967/585
f 433/1968/586 411/1969/586 409/1970/586
usemtl m_1f8535bb-dad8-3464-8832-a43b5c90a710
f 434/1971/587 435/1972/587 437/1973/587 436/1974/587
f 449/1975/588 450/1976/588 452/1977/588 451/1978/588
f 448/1979/589 446/1980/589 445/1981/589 447/1982/589
f 435/1983/590 434/1984/590 454/1985/590 455/1986/590
f 456/1987/591 436/1988/591 437/1989/591 453/1990/591
f 450/1991/592 434/1992/592 436/1993/592 452/1994/592
f 437/1995/593 435/1996/593 446/1997/593 448/1998/593
f 438/1999/594 443/2000/594 444/2001/594
f 440/2002/595 457/2003/595 442/2004/595
f 457/2005/596 438/2006/596 449/2007/596 451/2008/596
f 445/2009/597 439/2010/597 440/2011/597 447/2012/597
f 444/2013/598 445/2014/598 446/2015/598 455/2016/598
f 450/2017/599 449/2018/599 443/2019/599
f 448/2020/600 447/2021/600 442/2022/600 453/2023/600
f 451/2024/601 452/2025/601 441/2026/601
f 438/2027/602 443/2028/602 449/2029/602
f 457/2030/603 451/2031/603 441/2032/603
f 439/2033/604 445/2034/604 444/2035/604
f 440/2036/605 442/2037/605 447/2038/605
f 434/2039/606 450/2040/606 454/2041/606
f 436/2042/607 456/2043/607 452/2044/607
f 435/2045/608 455/2046/608 446/2047/608
f 437/2048/609 448/2049/609 453/2050/609
f 441/2051/610 456/2052/610 453/2053/610 442/2054/610
f 455/2055/611 454/2056/611 443/2057/611 444/2058/611
f 441/2059/612 457/2060/612 442/2061/612
f 441/2062/613 452/2063/613 456/2064/613
f 450/2065/614 443/2066/614 454/2067/614
f 440/2068/615 439/2069/615 438/2070/615 457/2071/615
f 451/2072/616 457/2073/616 440/2074/616 439/2075/616
f 439/2076/617 444/2077/617 438/2078/617
f 439/2079/618 438/2080/618 449/2081/618 451/2082/618